0,"1 c. firmly packed brown sugar, 1/2 c. evaporated milk, 1/2 tsp. vanilla, 1/2 c. broken nuts (pecans), 2 Tbsp. butter or margarine, 3 1/2 c. bite size shredded rice biscuits"
1,"1 small jar chipped beef, cut up, 4 boned chicken breasts, 1 can cream of mushroom soup, 1 carton sour cream"
2,"2 (16 oz.) pkg. frozen corn, 1 (8 oz.) pkg. cream cheese, cubed, 1/3 c. butter, cubed, 1/2 tsp. garlic powder, 1/2 tsp. salt, 1/4 tsp. pepper"
3,"1 large whole chicken, 2 (10 1/2 oz.) cans chicken gravy, 1 (10 1/2 oz.) can cream of mushroom soup, 1 (6 oz.) box Stove Top stuffing, 4 oz. shredded cheese"
4,"1 c. peanut butter, 3/4 c. graham cracker crumbs, 1 c. melted butter, 1 lb. (3 1/2 c.) powdered sugar, 1 large pkg. chocolate chips"
5,"6 baking potatoes, 1 lb. of extra lean ground beef, 2/3 c. butter or margarine, 6 c. milk, 3/4 tsp. salt, 1/2 tsp. pepper, 1 1/2 c (6 oz.) shredded Cheddar cheese, divided, 12 sliced bacon, cooked, crumbled and divided, 4 green onion, chopped and divided, 1 (8 oz.) carton sour cream (optional)"
6,"1 1/2 c. sugar, 1/2 c. butter, 1 egg, 1 c. buttermilk, 2 c. flour, 1/2 tsp. salt, 1 tsp. soda, 1 c. buttermilk, 2 c. rhubarb, finely cut, 1 tsp. vanilla"
7,"1 can cream-style corn, 1 can whole kernel corn, 1/2 pkg. (approximately 20) saltine crackers, crushed, 1 egg, beaten, 6 tsp. butter, divided, pepper to taste"
8,"1 1/2 lb. round steak (1-inch thick), cut into strips, 1 can drained tomatoes, cut up (save liquid), 1 3/4 c. water, 1/2 c. onions, 1 1/2 Tbsp. Worcestershire sauce, 2 green peppers, diced, 1/4 c. oil"
9,"1 large container Cool Whip, 1 large can crushed pineapple, 1 can condensed milk, 3 lemons, 1 c. pecans, 2 graham cracker crusts"
10,"1 (17 oz.) can dark sweet pitted cherries, 1/2 c. ginger ale, 1 (6 oz.) pkg. Jell-O cherry flavor gelatin, 2 c. boiling water, 1/8 tsp. almond extract, 1 c. miniature marshmallows"
11,"1 box powdered sugar, 8 oz. soft butter, 1 (8 oz.) peanut butter, paraffin, 12 oz. chocolate chips"
12,"chicken wings (as many as you need for dinner), flour, barbecue sauce (your choice)"
13,"8 oz. Ortega taco sauce, 8 oz. sour cream, 8 oz. cream cheese, 1 lb. ground beef, 1 pkg. taco seasoning, shredded lettuce, 1 large diced tomato, 1 medium diced onion, 1 large diced green pepper, shredded Colby or Cheddar cheese"
14,"1 can pie filling (cherry or strawberry), 1 can crushed pineapple, drained, 1 can sweetened condensed milk, 1 (8 oz.) container thawed whipped topping, 2 Tbsp. lemon juice"
15,"1 baked pie shell, 1 qt. cleaned strawberries, 1 1/2 c. water, 4 Tbsp. cornstarch, 1 c. sugar, 1/8 tsp. salt, 4 Tbsp. strawberry jello"
16,"1/2 pkg. chocolate fudge cake mix without pudding or 1 Jiffy mix, 1/2 pkg. white cake mix without pudding or 1 Jiffy mix, 1/4 c. Wesson oil"
17,"1 large head broccoli (about 1 1/2 lb.), 10 slices bacon, cooked and crumbled, 5 green onions, sliced or 1/4 c. chopped red onion, 1/2 c. raisins, 1 c. mayonnaise, 2 Tbsp. vinegar, 1/4 c. sugar"
18,"1 lb. frozen strawberries in juice, 1 small can crushed pineapple, 3 ripe bananas, 1 c. chopped pecans, 1 large pkg. strawberry Jell-O, 1 1/2 c. boiling water, 1 pt. sour cream"
19,"3/4 c. sugar, 1/2 c. shortening, 1 1/2 c. applesauce, 3 level tsp. soda, 1 tsp. each: cinnamon, cloves and nutmeg, 2 c. sifted flour, 1 c. raisins, 1 c. nuts"
20,"1 c. sugar, 1/2 c. shortening, 2 eggs (add one at a time), 1 tsp. salt, 2 tsp. soda, 2 c. flour, 1/4 c. nuts, 2 over-ripe bananas (chopped)"
21,"1 pkg. devil's food cake mix, 1 pkg. chocolate fudge pudding mix (instant), 8 oz. sour cream, 3/4 c. water, 1/2 c. Wesson oil, 4 eggs, 6 oz. chopped Frango mints"
22,"2 c. 7-Up or Sprite, 1 c. vegetable oil, 1 c. Kikkoman soy sauce, garlic salt"
23,"1/2 bushel tomatoes, 1 c. oil, 1/4 c. minced garlic, 6 cans tomato paste, 3 peppers (2 sweet and 1 hot), 1 1/2 c. sugar, 1/2 c. salt, 1 Tbsp. sweet basil, 2 Tbsp. oregano, 1 tsp. Italian seasoning"
24,"1 1/2 lb. ground beef, 1 c. tomato juice, 3/4 c. oats (uncooked), 1 egg, beaten, 1/4 c. chopped onion, 1/4 tsp. pepper, 1 1/2 tsp. salt"
25,"2 lb. round steak, 1/2 tsp. ground black pepper, 1 tsp. ground white pepper, 1/2 c. vegetable oil, 2 bell peppers, chopped, 1 c. beef stock or water, 2 tsp. salt, 1 tsp. ground red pepper, all-purpose flour (dredging), 3 medium onions, chopped, 1 celery rib, chopped"
26,"2 lb. round steak 1/2 to 3/4-inch thick, sliced in strips 1/8-inch thick (or thinner) and 3 1/2 to 4-inches long (easily sliced if partially frozen), 2 Tbsp. cooking oil, 1 can (15 oz.) tomato sauce, 1/3 c. water, 2 Tbsp. brown sugar, 1 Tbsp. prepared mustard, 1 tbsp. Worcestershire sauce, 1 medium sized onion, thinly sliced"
27,"1 (14 oz.) can sweetened condensed milk, 1 (12 oz.) pkg. semi-sweet chocolate chips, 1 (1 oz.) sq. unsweetened chocolate (if desired), 1 1/2 c. chopped nuts (if desired), 1 tsp. vanilla"
28,"1 lb. Ground Beef, 1 pkg. taco seasoning, 1 san Kidney beans, 1 onion, chopped, 1 C salsa, 4 green peppers, 1 medium Tomato, chopped, 1/2 C cheddar cheese, shredded, 1/2 C sour cream"
29,"1 c. milk, 2 Tbsp. sugar, 1 pkg. dry yeast, 1 Tbsp. salt, 3 Tbsp. Crisco oil, 2 c. plain flour"
30,"2 large cans sliced peaches, 2 large cans fruit cocktail, 1 large can diced pineapple, 1 qt. fresh strawberries, 2 red apples, 2 yellow apples, 4 large ripe bananas, 1 lb. white grapes, 1 lb. purple grapes"
31,"1 pkg. chicken cutlets, 1/2 c. oil, 1/3 c. red vinegar, 2 Tbsp. oregano, 2 Tbsp. garlic salt"
32,"2 cans cherry pie mix, 1 box deluxe white cake mix, 1 stick butter, 1 c. ground nuts"
33,"3 eggs, 1 tsp. salt, 1/4 tsp. pepper, 2 c. half and half, 3 c. potatoes, shredded coarse, 1 c. Cheddar cheese, coarsely shredded, 1/3 c. green onions"
34,"1 box macaroni and cheese, 1 can tuna, drained, 1 small jar pimentos, 1 medium onion, chopped"
35,"2 cans or jars artichoke hearts, 1 c. mayonnaise, 1 c. Parmesan cheese"
36,"16 oz. sour cream, 1 pkg. dry vegetable soup mix, 10 oz. pkg. frozen chopped broccoli, thawed and drained, 4 to 6 oz. Cheddar cheese, grated"
37,"1 lb. very thin spaghetti, 1/2 bottle McCormick Salad Supreme (seasoning), 1 bottle Zesty Italian dressing"
38,"1 (16 oz.) can pear halves, undrained, 1 (3 oz.) pkg. lime gelatin, 1 (8 oz.) pkg. cream cheese, softened, 1 (8 oz.) carton lemon yogurt"
39,"7 lb. watermelon rind, 7 c. sugar, 2 c. apple vinegar, 1/2 tsp. oil of cloves, 1/2 tsp. oil of cinnamon"
40,"3 lb. chicken, boiled, 4 medium potatoes, diced, 2 medium onions, chopped, 1 (16 oz.) can creamed corn, 1 (16 oz.) can English peas, 1 (16 oz.) can field peas, 1 (16 oz.) can butter beans, 1 (16 oz.) can tomatoes, 1 (46 oz.) can tomato juice, 1 small box macaroni, 1 Tbsp. black pepper, 1 Tbsp. salt, 1 Tbsp. sugar"
41,"3 Tbsp. softened butter or margarine, 1/2 c. granulated sugar, 1 egg, 1 c. flour, 1 1/4 tsp. baking powder, 1/4 tsp. salt, 1/3 c. milk, 1/4 tsp. vanilla, 1/3 c. brown sugar, packed, 1/2 tsp. cinnamon, 2 Tbsp. butter or margarine"
42,"5 c. flour, 3 Tbsp. sugar, 4 tsp. baking powder, 1 1/2 pkg. dry yeast, 2 c. buttermilk, 1 tsp. soda, 1 1/2 sticks margarine, 1/2 c. warm water"
43,"8 marshmallows, 2 Tbsp. margarine, melted, 1/4 c. crushed peppermint candy, 1 can crescent rolls"
44,"1 box yellow cake mix, 1/4 c. water, 1/4 c. brown sugar, 1/2 c. soft butter, 2 eggs, 1/2 c. chopped nuts"
45,"1 c. flour, 1 c. sugar, 1/2 c. oleo, softened, 4 eggs, 1 can chocolate syrup"
46,"3 c. self rising flour, 1 - 12 oz. can beer, 1 Tbsp. sugar"
47,"1/4 c. margarine, 1/4 c. chopped onion (or as much as you want), chopped celery to taste, 1/4 c. flour, 1/8 tsp. curry powder, 1 can sliced mushrooms (save juice), 1 can cream of celery soup, 1 pkg. chopped broccoli, 1 cubed chicken, shredded Monterey Jack cheese"
48,"1 1/2 c. sifted flour, 1/2 tsp. baking powder, 1/2 tsp. salt, 1/2 c. butter, 2/3 c. sugar, 3 egg yolks, 1 tsp. vanilla, multi-colored candies"
49,"1/2 lb. ground beef, 2 c. water, 1 tsp. sugar, 1 pkg. Cup-a-Soup onion soup mix (dry), 1 lb. can stewed tomatoes, 1 (8 oz.) can tomato sauce, 1 (10 oz.) pkg. frozen mixed vegetables"
50,"4 chicken breasts, cooked, 1 can cream of chicken soup, 1 can cream of mushroom soup, 1 can green chili salsa sauce, 1 can green chilies, 1 c. milk, 1 grated onion, 1 pkg. corn tortilla in pieces"
51,"4 c. shredded cabbage, 1/2 c. shredded carrots, 1/4 c. finely chopped green pepper, 2 Tbsp. finely chopped onion, 1/2 c. mayonnaise, 1 Tbsp. vinegar, 2 tsp. sugar, 1 tsp. celery seed, 1/4 tsp. salt"
52,"2 lb. flounder or pollack fillets, 1 1/2 c. chopped tomatoes, 1/2 c. chopped green pepper, 1/3 c. lemon juice, 1 Tbsp. salad oil, 2 tsp. salt, 2 tsp. minced onion, 1 tsp. basil leaves, 1/4 tsp. coarsely ground black pepper, 4 drops red pepper sauce, green pepper rings"
53,"1 can green beans, wash and drain, 1 can yellow beans, wash and drain, 1 can kidney beans, wash and drain, 1 c. sugar, 1/2 c. salad oil, 2/3 c. vinegar, 1/3 c. water"
54,"1 (16 1/2 oz.) can whole kernel corn, drained, 1 (16 1/2 oz.) can cream-style corn, 1 (8 oz.) sour cream, 1 (8 1/2 oz.) pkg. Jiffy corn bread mix, 1 stick margarine"
55,"1 lb. ground beef, 1/3 c. chopped onion, 1 can tomato soup, 2 c. cooked wide noodles, 1/2 tsp. oregano, 1/2 tsp. salt, 1/3 c. water, 1 c. cheese"
56,"1 small cabbage, shredded, 1 tsp. dry mustard, 1 can corned beef, flaked, 1 can cream of celery soup, 1 medium chopped onion"
57,"1 Tbsp. Worcestershire sauce, 2 or 3 shakes Old Bay, 1 tsp. dry mustard, 2 Tbsp. mayonnaise, 1 egg"
58,"2 (8 oz.) pkg. cream cheese, softened, 1/2 c. mayonnaise or salad dressing, 8 oz. mild taco sauce, 2 to 4 thinly sliced green onions, 1/2 green pepper, chopped, 1 tomato, chopped, 1 c. Mozzarella cheese, 1 c. Cheddar cheese, 1/2 c. black olives (optional), tortilla chips"
59,"1/2 lb. soft butter, 1/2 c. peanut butter, 1/2 lb. graham cracker crumbs, 2 c. coconut, 1/2 c. nut meats (optional), dash of vanilla"
60,"1 lb. orange sliced candy, chopped, 2 cans Angel Flake coconut, 2 c. chopped pecans, 2 cans condensed milk, 1 tsp. vanilla, 1 tsp. orange flavoring"
61,"1 yellow cake mix, 2 eggs, 1 stick oleo, melted, 1 c. chopped nuts, 2 eggs, 8 oz. softened cream cheese, 1 lb. powdered sugar"
62,"1 large can chunk pineapple, 4 to 5 bananas"
63,"1 can cream of mushroom soup, 1 can cream of chicken soup, 1 can cream of celery soup, 1 cut up chicken, 1/2 c. melted butter or margarine, 1 1/2 c. uncooked rice"
64,"1 (8 oz.) pkg. cream cheese, 1 can sweetened condensed milk, 1/2 c. crushed pineapple, 1/3 c. chopped nuts, 1/3 c. lemon juice"
65,"1 (8 oz.) Jell-O sugar-free vanilla or French vanilla pudding (put in dry), 1 (8 oz.) Philadelphia light cream cheese, 2 Tbsp. butter, 2 Tbsp. peanut butter or more if you would like"
66,"4 medium peaches, peeled and chopped, 1 to 1 1/4 c. sugar, 1 1/4 c. sour cream (use light), 1/4 c. lemon juice, 3/4 to 1 tsp. vanilla"
67,"16 oz. Cool Whip, 2 pkg. frozen strawberries *, 2 (9-inch) deep pan pie crusts, 1 3/4 c. sugar, 12 oz. cream cheese"
68,"1 stick margarine, 1 1/2 c. graham cracker crumbs, 1/4 c. granulated sugar"
69,"2 c. sifted flour, 1 1/2 tsp. baking soda, 1/4 tsp. salt, 1/2 c. shortening, 1 1/2 c. sugar, 2 eggs, separated, 1/2 c. cocoa, water, 1 tsp. vanilla, 1 c. milk"
70,"3 medium apples, chopped, 2 c. raisins, 1 c. brown sugar, 1 c. granulated sugar, 2 Tbsp. shortening, 2 c. cold water, 3 c. flour, 2 tsp. soda, 1 tsp. cinnamon, 1 tsp. nutmeg, 1 tsp. cloves, 1 tsp. salt, 1 c. nuts"
71,"6 c. diced potatoes, 1/2 c. chopped onion, 3/4 c. melted butter, 1 can cream of chicken soup, 1 (8 oz.) sour cream, 1 c. grated Cheddar cheese, 2 c. crushed cornflakes"
72,"vanilla wafers, butter"
73,"2 2/3 c. sugar, 2/3 c. white corn syrup (Karo), 2/3 c. cold water, 2 egg whites, 1 tsp. vanilla, 1 c. chopped nuts"
74,"apples, 1/2 c. sugar, 1 tsp. cinnamon, 1/4 c. sugar, 1 c. flour, dash of salt, 1/2 c. corn flake crumbs, 1 stick oleo"
75,"2 c. Bisquick, 1 lb. sausage, 8 oz. pkg. Cheddar cheese, grated"
76,"chicken parts, 1 can cream of chicken soup, 1 can consomme, 2 c. rice, salt to taste, pepper to taste"
77,"1/2 c. celery, 2 chopped onions, 2 Tbsp. butter, 1 lb. ground beef, 2 Tbsp. vinegar, 2 Tbsp. lemon juice, 2 Tbsp. brown sugar, 1 1/2 Tbsp. mustard, 1 tsp. salt, 1 1/2 tsp. pepper, 1 c. catsup, 1 c. water"
78,"2 (13 3/4 oz.) cans chicken broth, 1 Tbsp. cornstarch, 1 well beaten egg, 2 Tbsp. sliced (1/4-inch) green onion"
79,"1/2 gal. apple juice, 1 tsp. allspice, 1 tsp. whole cloves, 1 cinnamon stick, 1 c. brown sugar"
80,"1 Tbsp. sesame seed, toasted, 2 tsp. grated ginger, 2 Tbsp. honey, 2 Tbsp. reduced-sodium soy sauce, 4 (4 oz.) skinned chicken breast halves, vegetable cooking spray, thin green onion strips"
81,"1 Vidalia onion, chopped, 1 (16 oz.) pkg. fresh mushrooms, 2 green peppers, 1 clove garlic, olive oil, 6 pieces bread (buttered with either butter or margarine), 6 eggs, milk (as much as you would like; to fluff eggs)"
82,"1 (12 oz.) bag raw cranberries (2 c.), 1 c. sugar, 1 medium apple, peeled, cored and cut into wedges, 1 orange, peeled, seeded and broken in wedges, 1 (3 oz.) pkg. orange gelatin, 1/2 c. nuts (optional)"
83,"1 c. raw rice, 1 can beef consomme, 1 can French onion soup, 1 (4 oz.) can mushrooms, 1/2 stick margarine, cut up"
84,"2 (3 oz.) pkg. softened cream cheese, 2 Tbsp. margarine, 2 Tbsp. sugar, 1 (16 oz.) can whole berry cranberry sauce, 3/4 c. crushed pineapple, drained, 1/2 c. chopped walnuts, 1 c. whipping cream"
85,"2 lb. Velveeta cheese, 1 (15 oz.) can Italian tomatoes, 2 small cans green chili peppers, 1/2 medium onion, minced, 3 cloves garlic, 1/2 tsp. salt"
86,"1 1/3 c. flour, 1 1/4 tsp. salt, 1/2 tsp. soda, 2 Tbsp. sugar, 3/4 Tbsp. baking powder, 1 egg, beaten, 2/3 c. milk (more if batter is too thick), oil (for frying), powdered sugar"
87,"4 lb. confectioners sugar, 1 c. cocoa, 1 c. chopped nuts, 1 lb. margarine (not whipped), 1 lb. Velveeta, 1 Tbsp. vanilla"
88,"3 lb. squash, 3 onions, 1 pt. sour cream, 3 carrots, grated, 2 cans chicken or mushroom soup, 1 pkg. Pepperidge Farm stuffing mix, 1 stick butter, salt and pepper to taste"
89,"2 pkg. cream cheese, 2 c. shredded Cheddar cheese (8 oz.), 1 Tbsp. chopped pimento, 1 Tbsp. chopped green pepper, 1 Tbsp. chopped onion, 1 tsp. lemon juice, 2 tsp. Worcestershire sauce, dash of Tabasco sauce, dash of salt"
90,"1 large pkg. apricot jello (6 oz.), 2/3 c. sugar, 1 (8 oz.) pkg. cream cheese, 2 jars Junior baby food apricots, 1 (No. 2) can crushed pineapple (20 oz.), 1 tall can evaporated milk, chilled and whipped, 2/3 c. water"
91,"3 c. plain flour (cake flour may be substituted for plain flour), 3 c. sugar, 1/2 tsp. baking powder, 3 dashes of salt, 5 eggs, 2 sticks margarine, 1/2 c. butter flavor Crisco, 1 c. sweet milk, 1 to 2 Tbsp. flavoring (lemon, vanilla or almond or a combination of the 3)"
92,"2 loaves frozen bread, softened, 1/2 c. margarine, 1 c. brown sugar, 1 large box vanilla pudding (not instant), 2 Tbsp. milk, cinnamon to taste"
93,"1 (8 oz.) can crescent rolls, 1 1/2 c. grated medium or sharp cheese, 1 hen, cooked and diced, 1 can cream of chicken soup, 1 1/2 c. milk"
94,"1 can Spanish rice, 1 can corned beef, 1 diced onion, 1/2 c. grated Cheddar cheese"
95,"3 (1 lb.) cans pork and beans, 1/2 c. bell pepper, chopped, 1/2 c. onions, chopped, 3/4 c. catsup, 1/3 c. brown sugar, packed hard, 1 tsp. salt, 1/3 tsp. black pepper, 1 lb. ground beef, 1 Tbsp. oil"
96,"2 c. diced cooked chicken, 2 Tbsp. shortening, 1/2 c. onion (large chunks), 2 c. carrot chunks, 1 1/4 c. water, 3 chicken bouillon cubes, 1/4 c. packed brown sugar, 2 Tbsp. cornstarch, 1/4 tsp. ginger, 1/4 c. catsup, 2 Tbsp. vinegar, 1 Tbsp. soy sauce, 1 c. green pepper (large chunks), 8 oz. pineapple chunks"
97,"8 to 10 juicy oranges, peeled and diced, 1 c. moist coconut, 1/2 c. pecans, chopped, 1/2 c. cherries, halved, 1/4 c. sugar, 1 c. orange juice"
98,"1 c. creamy peanut butter, 1 c. sugar, 1 egg"
99,"1 box yellow cake mix, 2 eggs, 1/3 c. soft margarine, 1 can Eagle Brand milk, 1 c. pecans, 1/2 c. Bits 'O Brickle"
100,"1 c. flour, 1 tsp. soda, 1 tsp. salt, 1 Tbsp. sugar, 1 egg, 3 Tbsp. margarine, melted, 1 c. buttermilk"
101,"1/4 c. butter, 1/4 lb. mushrooms, sliced, 1 garlic clove, minced, 1 medium zucchini, sliced thinly, 1/4 c. chopped onion, 1 c. diced, cooked ham, 4 eggs, 2 c. Ricotta cheese, 1 c. shredded Monterey Jack, 1 (10 oz.) pkg. frozen spinach, thawed and drained, 1/2 tsp. dill weed, salt and pepper"
102,"1 c. red cabbage, finely chopped, 2 Tbsp. butter, 2 apples, finely sliced, 1 Tbsp. brown sugar, 1 Tbsp. vinegar"
103,"4 lb. potatoes, cooked, 6 slices bacon, diced, 1/2 c. sugar, 3 Tbsp. flour, 2 tsp. salt, 1/4 tsp. pepper, 1 c. cider vinegar, 1 c. water, 4 green onions, sliced"
104,"2 Tbsp. butter, 2 medium onions, chopped, 1 lb. ground beef or turkey, 1 clove garlic, minced, 3 c. beef or chicken broth, 1 (28 oz.) can tomatoes, chopped, 1 c. diced potatoes, 3 carrots, chopped, 1 c. celery, chopped, 1 c. frozen green beans, 1 c. dry red wine, 1/2 tsp. basil, 1/4 tsp. thyme, salt and pepper to taste"
105,"1 (1 lb. 2 oz.) jar Tang, 1 pkg. lemonade Kool Aid with sugar added, 2 c. sugar, 1 tsp. ground cloves, 2 tsp. cinnamon, 1/2 c. instant tea"
106,"1 can Manwich, 1 lb. hamburg, American cheese slices, noodles, cooked and drained"
107,"1/2 c. shortening, 1/2 c. butter, 1 c. sugar, 2 eggs, beaten, 1 1/2 tsp. vanilla, 2 1/2 c. flour, 1 tsp. baking powder, 1/2 tsp. salt"
108,"1 lime, cut into wedges, 1 orange, cut into slices, 1/2 large apple, cut into thin wedges, 1/2 to 3/4 c. sugar, 1 bottle dry red Spanish wine, 1/4 c. brandy, 1/4 c. Triple Sec, club soda"
109,"1 lb. cooked, crumbled hamburger (drained), 1 c. onion, chopped, 1 c. kidney beans, cooked and drained, 1 c. butter beans, 1 c. baked beans, 3/4 c. ketchup, 1 sm. can mild green chilies, chopped (opt.), 1 TBSP prepared mustard, 1 tsp. beef bouillon, 1/2 c. water, 2 TBSP. honey, 2/3 c. bell pepper, chopped, 1 tsp. Worcestershire sauce, 1/2 tsp. garlic pwd"
110,"4 c. quick cooking oats, 2 c. brown sugar, packed, 1 c. salad oil, 2 eggs, well beaten, 1/2 tsp. salt, 1 tsp. almond extract"
111,"1 can Chinese noodles, 1 can Campbell's cream of mushroom soup, 3/4 c. water, 1 (6 1/2 oz.) can Chicken of the Sea tuna, drained and broken in chunks, 1 c. cashews or peanuts, 1 c. chopped celery, 1/2 c. finely chopped onion, 1/2 c. cooked peas, soy sauce"
112,"1/2 lb. Cheddar cheese, shredded, 1 (8 oz.) pkg. cream cheese, 1 small flat can deviled ham, 1 Tbsp. pimiento, chopped, approximately 1 Tbsp. dried parsley, soaked in water, then patted dry on paper towel, dash of Worcestershire sauce, 1/2 tsp. fresh minced onion"
113,"2 (8 oz.) cream cheese, 2/3 can chopped black olives, 1 jar Armour dried beef, 4 green onions (tops and all), 1/2 jar mushrooms"
114,"3 1/2 c. (8 oz.) large shells (uncooked), 2 c. cubed, cooked chicken (light meat), 2 c. fresh, raw broccoli flowerets, 2 c. fresh, raw cauliflower, 1 c. sliced carrots, 1 c. sliced green onions, 1/2 lb. fresh mushrooms, sliced, 1 c. (8 oz. bottle) reduced calorie creamy Italian salad dressing, 3/4 c. skim milk, salt and pepper to taste"
115,"1 (9 oz.) pkg. frozen artichoke hearts, 2 Tbsp. water, 3 medium zucchini (1 lb.), sliced 1/4-inch thick (4 c.), 2 c. fresh mushrooms, halved, 2 Tbsp. finely chopped green onion, 2 cloves garlic, minced, 1 Tbsp. margarine or butter, 2 medium tomatoes, cut into wedges and seeded, 1/4 c. grated Parmesan cheese"
116,"1 lb. ground chuck, 1 tsp. shortening, 1 (16 oz.) can tomatoes, 1 (8 oz.) can tomato sauce, 2 tsp. salt, 2 tsp. sugar, 2 garlic cloves, crushed, 1 (5 oz.) pkg. egg noodles, 1 c. sour cream, 1 (3 oz.) pkg. cream cheese, 6 green onions or scallions, chopped (with tops), 1 c. grated cheese"
117,"1 (12.5 oz.) can chunk white chicken, 2 c. chopped celery, 1 small pkg. slivered almonds, 1 c. water chestnuts, 1 c. white grapes, 1/2 tsp. salt, 1/8 tsp. pepper, 1 tsp. lemon juice, curry powder to caste, nonfat mayonnaise"
118,"1 stick margarine, 1 1/2 c. sugar, 1 Tbsp. meal, 1 Tbsp. vinegar, 4 eggs (add one at a time), dash of salt, 1 tsp. vanilla"
119,"1 lb. vermicelli, 1 lb. fine chopped bell pepper, 2 small zucchini, finely chopped, 1 large purple onion, sliced thin, 1 large bottle Bernstien Italian dressing, 1/2 to 3/4 jar Schilling Salad Supreme seasoning"
120,"2 cucumbers, sliced very thin, 1/3 c. white vinegar, 1 tsp. salt, 3 Tbsp. sugar, 1 large onion, sliced thin, fresh dill"
121,"1 (13 oz.) can cooked chicken, 1 (10 oz.) can cream of mushroom soup, 1 (10 oz.) can cream of chicken soup, 1 (10 oz.) can Rotel tomatoes, 1 to 2 c. cheese of your choice, 1 (16 oz.) pkg. spaghetti, 1 Tbsp. steak seasoning"
122,"2 (8 oz.) cream cheese, 4 c. shredded sharp cheese, 1/3 c. mayonnaise, 1 tsp. Worcestershire sauce, 1/8 tsp. garlic salt, 1/8 tsp. celery salt, 1/8 tsp. onion salt, 1/2 c. chopped pimento, 1/4 c. chopped olives, 1/4 c. parsley flakes, 1/2 jar dried chipped beef"
123,"pistachio pie filling (instant), 1 can crushed pineapple, 1 c. miniature marshmallows, 1/2 container Cool Whip (small)"
124,"1 egg, 1/2 c. milk, 1/4 c. vegetable oil, 1 1/2 c. flour, 1/2 c. sugar, 2 tsp. baking powder, 1/2 tsp. salt, 1 c. blueberries (optional)"
125,"1 c. flour, 1 stick margarine, melted, 1/2 c. crushed pecans, 1 large pkg. cream cheese, 1 large pkg. Cool Whip, 1 c. powdered sugar, 2 large pkg. instant vanilla pudding, 3 c. milk"
126,"1 c. water, 1/2 c. butter, 1 tsp. sugar, 1 c. all-purpose flour, 4 large eggs"
127,"1 can cream-style corn, 2 eggs, 1/2 tsp. grated onion, 8 to 10 finely rolled crackers, salt"
128,"2 lb. ground beef, 1 pkg. dry onion mix, 1 (No. 3) can B & M beans, 2 (15 oz.) cans kidney beans, 2 (15 oz.) cans small yellow lima beans, 2 cans green baby lima beans, 1/2 c. dark brown sugar, 1/2 c. dark or light Karo syrup, 1 tsp. chili powder, 1 c. ketchup, 1 Tbsp. dry mustard, salt and pepper to taste"
129,"1 angel food cake, broken into pieces, 46 oz. apricot nectar, 1 1/4 c. sugar, 7 Tbsp. cornstarch, 1 c. chopped walnuts"
130,"1 Duncan Hines white pudding cake mix, 1 (8 oz.) pkg. cream cheese (at room temperature), 1/4 c. alfalfa honey, 3 to 4 oz. sliced almonds"
131,"1/2 c. raw rice, 1 can French onion soup, 1 can cream of chicken or chicken mushroom soup, 1 (4 oz.) can mushrooms, bite size pieces of 4 to 6 chicken thighs or any other chicken parts you wish to use"
132,"1 c. mayonnaise, 1 c. grated Parmesan or Romano cheese, 1 jar artichokes, drained and cut into small pieces"
133,"1/4 lb. butter, 2 1/2 lb. onions, sliced, 1 qt. beef stock (3 cans Campbell's beef stock), 1 qt. chicken stock (3 cans Campbell's chicken stock), 2 Tbsp. Worcestershire sauce, 1 bay leaf, 1 1/2 tsp. garlic salt, 1 tsp. black pepper (you may wish to use less), salt to taste (you may not want any)"
134,"6 to 7 apples, sliced, 1 c. sugar, 2 Tbsp. flour, 1 tsp. cinnamon, dash of salt and nutmeg"
135,"1 lb. hamburger, 1 c. ketchup, 3 Tbsp. Worcestershire sauce, 1 Tbsp. mustard, 2 Tbsp. sugar, salt and pepper to taste"
136,"3 c. flour, 3 c. sugar, 5 eggs, 3 sticks real butter (preferably Land O Lakes), 3 Tbsp. lemon flavor, 3/4 c. 7-Up, yellow food coloring (optional)"
137,"1 can corned beef, 1 (8 oz.) pkg. cream cheese, 2/3 c. mayonnaise, 1 c. chopped candied dill pickles, 2 Tbsp. chopped onion, 1/2 tsp. horseradish, 1 Tbsp. Worcestershire sauce, 2 tsp. Nance mustard, 3 Tbsp. pickle juice"
138,"2 c. sugar, 1/2 c. milk, 3 Tbsp. cocoa, 3 heaping Tbsp. flour, 3 egg yolks, 1 clump (2 Tbsp.) butter, 1 tsp. vanilla, 1 c. boiling water"
139,"1 (32 oz.) bag Tater Tots, 2 lb. ground beef, 1 chopped onion, 1 chopped bell pepper, 1 can cream of mushroom soup, 1 can cream of celery soup, 1 can cream of chicken soup, grated cheese"
140,"3/4 c. sugar, 2 1/2 Tbsp. cornstarch, 1 c. water, 3 1/2 Tbsp. blackberry flavored gelatin, 4 c. fresh blackberries, 1 baked 9-inch pastry shell"
141,"16 oz. Cool Whip, 2 c. coconut, 3/4 margarine, melted, 1 c. slivered almonds, chopped fine, 1 can Eagle Brand milk, 3 graham cracker crusts, 8 oz. cream cheese, 1 jar caramel topping"
142,"3/4 c. Miracle Whip salad dressing, 1 c. sour cream, 1/2 Tbsp. minced onion, 1/2 Tbsp. parsley flakes, 1/2 Tbsp. dill weed"
143,"1/2 chopped medium onion, 1 Tbsp. oil, 5 oz. frozen broccoli, 1/2 stick margarine, 1 pkg. Jiffy cornbread mix, 2 eggs, 6 oz. cottage cheese"
144,"1 medium onion, diced, 1 potato, diced, 1 1/2 green sweet peppers, diced, 1/2 c. diced celery, 1 c. diced carrots, 1 c. small macaroni, cooked, 1 1/2 lb. ground turkey or beef, 14 oz. can French green beans, 1 large bay leaf, 1 tsp. Italian seasoning, 1 c. sweet peas, 1 can tomato juice"
145,"1/4 c. cocoa, 2 sticks oleo, 2 c. flour, 2 c. sugar, 1 tsp. baking soda, dash of salt, 2 eggs, 1 tsp. vanilla, 1 c. water, 1/2 c. buttermilk"
146,"1/2 c. butter, 1 1/2 c. graham cracker crumbs, 1 (14 oz.) can Eagle Brand milk, 6 oz. semi-sweet chocolate chips, 1 (3 1/2 oz.) can flaked coconut (1 1/2 c.), 1 c. chopped nuts"
147,"1 c. sugar, 1 c. packed brown sugar, 1/3 c. evaporated milk, 1/2 stick butter or margarine, softened, 1 1/2 c. pecans, 1 1/2 c. coconut"
148,"1 large box instant chocolate pudding mix, 1 small bag vanilla wafers, 1 small tub Cool Whip, 1 small pkg. chopped pecans (about 1/2 c.)"
149,"1 1/3 c. white sugar, 6 Tbsp. butter, 6 Tbsp. milk, 1/2 c. chocolate chips, 1/2 tsp. vanilla"
150,"1 envelope Knox unflavored gelatine, 1 (14 oz.) Eagle Brand milk, 2 eggs, beaten, 1 (16 oz.) can pumpkin (not pumpkin mix), 1 tsp. cinnamon, 1/2 tsp. ginger, 1/2 tsp. salt, 2 pie shells, baked"
151,"5 large eggs, slightly beaten, 1/4 c. sugar, 1/4 tsp. ground nutmeg, 2/3 c. orange juice, 1/3 c. half and half cream, 1/2 tsp. vanilla"
152,"9 c. Chex cereal, 1 c. chocolate chips, 1 1/2 c. powdered sugar, 1/2 c. peanut butter, 1/4 c. margarine, 1 tsp. vanilla"
153,"1 (16 oz.) can yellow hominy, 1 (4 oz.) can chopped olives, 1 (4 oz.) can mild green chilies, 2 (16 oz.) cans tamales, 2 c. shredded mild Cheddar cheese, 1/4 c. dried chopped onions"
154,"1 small can refried beans, 1 small carton guacamole dip, 1 c. sour cream, 3 Tbsp. mayonnaise, 1 pkg. taco seasoning, 1 c. Mozzarella cheese, 1 c. cheddar cheese, Chopped green onions, tomato and black olives (optional)"
155,"4 c. water or potato water, 1 cake yeast or 3 pkg. dry yeast, 2 Tbsp. salt, 2 eggs, well beaten, 1 c. sugar or more"
156,"2 c. chicken, cooked and cubed, 1 can cream of mushroom soup, 3 c. chicken broth, 1 can peas and carrots, drained, 1 chopped onion, 3/4 c. oleo, melted, 1 1/2 c. milk, 1 1/2 tsp. baking powder, 1 1/2 c. self-rising flour"
157,"3 c. chicken stock or vegetable stock, 1 pkg. (10 oz.) frozen artichoke hearts, 2 t. olive or canola oil, 3 green onions, including tops, sliced (1/3 c.), 1 clove garlic, minced, 1 c. arborio, basmati, or long-grain, white rice, 1/2 t. dried oregano, crumbled, 1/2 t. salt, 1/4 t. black pepper, 4 oz. spinach, rinsed, trimmed and thinly sliced (2 c.), 3 T. grated parmesan cheese"
158,"1/2 c. oil (I use olive oil, extra light), 1 large eggplant, unpeeled and chopped, 2 medium onions chopped, 1/2 head cauliflower, chopped, 1 green pepper, chopped, 1/2 c. fresh parsley (flat Italian), chopped, 1/4 lb. mushrooms, sliced, 8 cloves garlic, minced or mashed, 2 very large cans Italian tomatoes, 1 bay leaf, 1 tsp. dried basil, 1 tsp. oregano, 1 tsp. thyme, 1/2 tsp. marjoram, 1/2 tsp. rosemary, 1/2 tsp. salt, optional, 1 c. dry red or white wine"
159,"1 box white cake mix, 1 c. + 1 Tbsp. vegetable oil, 1 pkg. pistachio instant pudding mix, 1 c. ginger ale, 3 eggs, 1/2 c. chopped pecans, 1 (8-oz.) pkg. cool whip, 3/4 c. milk, 1 pkg. of pistachio instant pudding mix"
160,"2 c. self-rising flour, 1 c. crushed walnuts, 3 eggs, 2 small jars baby food plums, 2 c. sugar, 2 tsp. allspice, 1 c. oil"
161,"1 qt. cranberry juice, 1 qt. ginger ale, 1 small cherry Jell-O, 1 c. boiling water, 6 oz. frozen lemonade, 3 c. cold water"
162,"4 sweet potatoes, boiled and drained, 2 sticks butter, 2 c. sugar, 4 to 6 eggs, nutmeg (season to taste), 2 c. Milnot"
163,"2 c. sugar, 1 c. Crisco oil, 4 eggs, 2 1/2 c. self-rising flour, 1/2 c. sweet milk, 1 tsp. vanilla flavor, 1 Tbsp. butternut flavor"
164,"2 c. all-purpose flour, 1 1/2 c. sugar, 2 tsp. baking soda, 1 tsp. ground cinnamon, 1/2 tsp. salt, 2 c. grated carrots, 1/2 c. raisins, 1/2 c. coconut, 1/2 c. chopped pecans, 1 (8 oz.) can crushed pineapple, drained, 1 c. vegetable oil, 3 large eggs, lightly beaten, 2 tsp. vanilla"
165,"1 3/4 c. quick cooking long grain and wild rice or plain rice, 1 (10 3/4 oz.) can condensed cream of mushroom or chicken soup (undiluted), 1 (10 3/4 oz.) can French onion soup (undiluted), 2 1/2 oz. jar sliced mushrooms (undrained), 1/2 c. water, 4 chicken breasts, 2 Tbsp. melted butter or margarine, 1/4 c. cornflake crumbs or cracker crumbs"
166,"1 green pepper, chopped, 1 onion, chopped, 2 Tbsp. bacon drippings, 1 Tbsp. flour, 1 tsp. salt, 1 tsp. sugar, dash of paprika, 1 (16 oz.) can tomatoes, 1 (16 oz.) can green peas"
167,"2 eggs, 3 bananas, cut in small pieces, 1 stick butter, cut in small pieces, 1 c. sugar, 1 3/4 c. flour, 3/4 tsp. soda, 1 1/4 tsp. cream of tartar, 1 c. chopped nuts (optional)"
168,"Bisquick, can corned beef hash, mustard, salt and pepper to taste"
169,"1 (2 lb.) bag hash browns, thawed, 1/2 c. melted margarine, 1/2 tsp. salt, 1/2 tsp. pepper, 1/2 c. chopped onion, 1 can cream of mushroom soup, 1 pt. sour cream, 10 oz. or 2 c. grated sharp Cheddar cheese"
170,"3 c. flour, 4 1/2 tsp. baking powder, 2 Tbsp. sugar, 1/2 tsp. salt, 3/4 c. cream of tartar, 3/4 c. butter, 1 egg, beaten, 1 c. milk"
171,"1 lb. lean hamburger, 1 jar Ragu spaghetti sauce (plain), 1 small container Ricotta cheese, 1 pkg. lasagne noodles (approximately 8 noodles), 1 large bag preshredded Mozzarella cheese"
172,"4 lb. new potatoes (red skin), 2 good size onions, finely chopped, 3 stalks celery, finely chopped, 1/2 c. cider vinegar, 1/2 c. hot bacon drippings, 8 strips bacon, fried and crumbled, salt and pepper to taste, parsley"
173,"4 eggs, 2 c. milk, 1 tsp. vanilla, 1/4 c. melted butter, 1 3/4 c. sugar, 1/2 c. self-rising flour, 1 1/2 c. coconut"
174,"ground beef, flour, salt and pepper to taste"
175,"1 c. sifted all-purpose flour, 2 tsp. baking powder, 1/2 tsp. salt, 2 Tbsp. sugar, 1 egg, 1 c. milk, 3 Tbsp. butter or margarine, melted"
176,"1 egg white, 2/3 c. light brown sugar, 1 tsp. vanilla, 4 c. whole pecans"
177,"1 lb. ground beef, 14 oz. Pizza Quick sauce, 2 c. shredded Mozzarella cheese, 1 jar sliced mushrooms, 3/4 c. biscuit mix, 1 1/2 c. milk, 2 eggs"
178,"1 (12 oz.) pkg. (2 c.) semi-sweet chocolate chips, 1 (14 oz.) can sweetened condensed milk, 1 (8 1/2 oz.) pkg. chocolate wafers, finely crushed, 1 c. chopped nuts, divided"
179,"1 pkg. frozen chopped broccoli, 1/2 c. mushroom soup, 1/2 c. mayonnaise, 1 beaten egg, 1 small onion, chopped, salt and pepper"
180,"1 1/4 c. all-purpose flour, 1 1/2 tsp. baking powder, 1/2 tsp. almond extract, 1 c. chopped nuts, 1/2 c. chopped maraschino cherries, drained, 1 c. sugar, 1 tsp. salt, 3 eggs, 1 c. cut up dates or whole raisins, 1 (6 oz.) pkg. semi-sweet chocolate chips"
181,"1 lb. hamburger, 2 Tbsp. oil, 1 onion, chopped, 1 celery rib, chopped, 1 c. cooked rice, 1 can cream of mushroom soup, 1 can cream of chicken soup, 1 1/2 c. warm water, 1/4 c. soy sauce, 1/4 tsp. pepper, 1 can chow mein noodles"
182,"1 lb. butter (not margarine), 2 c. granulated sugar, 1/2 c. water, 1/2 c. chopped almonds, 3 chocolate candy bars, 1/4 c. chopped almonds or as desired (for topping)"
183,"4 large peppers, 1 large can V-8, 1 onion, chopped, 1/2 tsp. garlic powder, 1 lb. ground beef, 1/2 c. rice, 1 egg, salt to taste"
184,"5 eggs, 1 box yellow cake mix, 3/4 c. water, 1 small pkg. instant lemon pudding, 1/2 c. oil"
185,"1/2 c. butter or margarine, 1/2 c. peanut butter, 1/2 c. brown sugar, 1/2 c. white sugar, 1 egg, 1/2 tsp. vanilla, 1 1/4 c. sifted flour, 3/4 tsp. baking soda, 1/2 tsp. salt, 1 (10 oz.) bag miniature Reese's peanut butter cups"
186,"4 eggs, 2 c. milk, 1/2 tsp. mustard, 1/2 tsp. salt, 1/8 tsp. onion powder, dash of pepper, 2 c. croutons (cheese), 1 c. grated Velveeta"
187,"1/2 c. margarine or butter, 1 egg, 1 tsp. cinnamon, 1/2 tsp. ground cloves, 1/4 tsp. salt, 1/2 c. chopped pecans, 1 c. brown sugar, 1 3/4 c. flour, 1 tsp. baking soda, 1/2 tsp. ground nutmeg, 1 c. raisins, 1 1/4 c. applesauce"
188,"3 c. flour, 3 eggs, 1/2 c. water"
189,"1/2 c. margarine, 1 tall can evaporated milk, 4 c. sugar, 32 marshmallows, 4 sq. baking chocolate, 9 oz. bar milk chocolate, 12 oz. pkg. semi-sweet chocolate, 1 Tbsp. vanilla, 2 c. chopped nuts"
190,"3 eggs, 1 1/2 c. flour, 1/4 tsp. salt, 1 c. sugar, 1/2 tsp. baking powder, 1 (6 oz.) pkg. chocolate chips, 2 c. chopped nuts, 1 c. candied cherries, halved"
191,"1/2 c. (1 stick) softened butter or margarine, 2 Tbsp. confectioners sugar, 1 tsp. grated orange peel"
192,"1/2 c. all-purpose flour, 1/4 c. cocoa, 1 c. sugar, 2 eggs, 1/2 c. margarine at room temperature, 1/8 tsp. salt, 1 tsp. vanilla, 1/2 c. chopped nuts, ice cream or whipped cream"
193,"1 c. water, 1 stick margarine, 1 c. flour, 4 eggs, 3 pkg. vanilla instant pudding, 4 c. milk, 1 (8 oz.) pkg. cream cheese, 12 oz. Cool Whip, chocolate syrup"
194,"1 c. nonfat plain yogurt, 1/2 c. heavy cream, 1 c. mandarin juice"
195,"1 c. cocoa, 1 c. butter, softened, 3 (1 lb.) boxes powdered sugar, 1 1/2 c. milk, 2 Tbsp. vanilla, 5 c. peanut butter"
196,"4 tsp. olive oil, 1/2 tsp. garlic powder, 1 loaf French bread, halved lengthwise, 1 tsp. dried thyme, 1/4 tsp. dried marjoram, 1/2 tsp. paprika, 3 Tbsp. grated Parmesan cheese"
197,"1 (20 oz.) can pineapple chunks, drained (reserve juice), 1 (11 oz.) can mandarin oranges, 2 c. grapes, 2 c. miniature marshmallows, 1 c. sliced strawberries, 3 c. chopped apples, peeled if desired, 2 tsp. lemon juice, 2 tsp. orange juice, 1 Tbsp. cornstarch, 1/4 c. sugar, 2 bananas, sliced, 1/2 c. nuts (pecans)"
198,"1 qt. strawberries, 3/4 c. water, pinch of salt, 1 c. sugar, 3 Tbsp. cornstarch, dash of cinnamon, 1 Tbsp. butter"
199,"2 c. sugar, 5 eggs, 2 c. milk, 2 Tbsp. cornstarch, 2 1/2 tsp. vanilla, ground cinnamon, 1 pie shell"
200,"4 to 5 c. chicken broth, 3 boiled eggs, chopped, 1 c. chopped chicken, salt and pepper to taste, 3 Tbsp. flour (self-rising), 2 Tbsp. water"
201,"4 lb. beef brisket, 1 c. catsup, 1 c. water, 1/2 onion, minced, 2 Tbsp. cider vinegar, 1 Tbsp. prepared horseradish, 1 Tbsp. prepared mustard, 1 tsp. salt, 1/2 tsp. pepper"
202,"3 Tbsp. tapioca, 1 c. water, 1/2 c. sugar, 1 1/2 c. water, 1 (6 oz.) can frozen orange juice, thawed, 1 (11 oz.) can Mandarin oranges, drained, 1 (16 oz.) can peach slices, cut in half and drained, 1 (16 oz.) bag frozen whole strawberries, thawed, 2 large bananas, lime sherbet"
203,"1 c. corn meal, 1 c. flour, 1 to 2 Tbsp. sugar, 1/2 tsp. salt, 2 tsp. baking soda, 1 egg, 1 c. buttermilk, 1/4 c. bacon fat"
204,"1 (4 to 5 lb.) rolled pork roast, 1/2 c. sherry, 1 Tbsp. dry mustard, 1 tsp. thyme, 1/2 c. soy sauce, 2 minced garlic cloves, 1 tsp. ginger"
205,"2 lb. pork tenderloin, cubed, 1 Tbsp. oil, 1 Tbsp. minced garlic, 6 to 10 roasted and peeled Pueblo green chilies, 1 can stewed tomatoes, 4 c. water, 3 tsp. cornstarch, garlic salt to taste"
206,"3/4 c. Crisco, melted, 1 egg, 1 pkg. dry yeast, 4 c. self-rising flour, 2 c. lukewarm water, 1/4 c. sugar"
207,"3 1/2 c. flour, 3 tsp. baking soda, 1 c. packed brown sugar, 1 Tbsp. milk, 2 Tbsp. vanilla, 1 c. cornflakes, 1 (12 oz.) pkg. chocolate pieces (semi-sweet), 1 tsp. salt, 1/2 c. butter, 1 c. granulated sugar, 1 egg, 1 c. vegetable oil, 1 c. quick oats"
208,"2 Tbsp. lemon juice or wine vinegar, 1 Tbsp. honey, 1 clove garlic, diced, 1 Tbsp. rosemary, 2 Tbsp. water, 1 small diced onion, 1 Tbsp. flax seed, 1 tsp. parsley"
209,"No. 2 can fruit cocktail, 4 bananas, cut up, 1 small bag miniature marshmallows, 1 (8 oz.) pkg. pecan pieces, 1 pt. Cool Whip, 1 small can crushed pineapple"
210,"2 1/2 c. milk, 1/4 c. heavy cream, 2 egg yolks, 2/3 c. sugar, 4 Tbsp. cornstarch, 2 tsp. vanilla, 3 Tbsp. butter (room temperature), 1 or 2 sliced bananas"
211,"1/2 c. olive oil, 2 tsp. lemon juice, 1 tsp. salt, dash of pepper, 1/2 tsp. sugar, 1/4 c. crumbled Blue cheese, 2 c. sliced red or yellow onions"
212,"1 1/2 c. graham cracker crumbs, 1/2 c. butter, 1/4 tsp. cinnamon, 1/4 c. sugar, 1 (16 oz.) pkg. cream cheese, 1/3 c. milk, 1/2 c. sugar, 3 eggs, 4 Tbsp. lemon juice"
213,"1 c. sugar, 2/3 c. oil, 2 eggs, 1 1/2 c. flour, 1 tsp. baking soda, 1 tsp. baking powder, 1 tsp. cinnamon, 1 jar junior strained carrots (baby food), 1/2 c. nuts"
214,"1 (6 oz.) can frozen lemonade concentrate, thawed, 1 (6 oz.) can frozen orange juice concentrate, thawed, 6 c. water, 1/2 ??? grenadine syrup, 1 qt. ginger ale, chilled, wafer thin lemon slices and maraschino cherries for garnish"
215,"1 can Veg-All, drained, 1/2 c. chopped onion, 1/2 c. water chestnuts, sliced, 1/2 c. grated cheese (Cheddar), 1/3 c. plus 2 level Tbsp. mayonnaise, 1/2 roll Ritz crackers, crushed, 1/2 stick margarine"
216,"1 lb. ground beef, 1 (8 oz.) pkg. crescent rolls, 1/8 c. chopped onion, 1 tsp. Worcestershire sauce, 1 tsp. lemon juice, 1/2 tsp. paprika, 1/4 tsp. garlic powder, 1/2 tsp. salt, 1/8 tsp. pepper, 2 c. shredded cheese, 1 beaten egg"
217,"2 c. sugar, 2 c. flour, 2 c. pumpkin, 1/2 tsp. salt, 2 tsp. cinnamon, 1 tsp. nutmeg, 2 tsp. soda, 1 c. oil, 4 eggs, 2 tsp. baking powder, 1 c. chopped walnuts"
218,"1 1/2 lb. sharp Cheddar cheese, 2 sticks butter, softened, 2 c. plus 2 Tbsp. flour, 1 1/2 tsp. salt, 1 1/2 tsp. paprika, confectioners sugar"
219,"1 jar (any size) salsa, 1 lb. American cheese (shredded), 1 can refried beans"
220,"1 c. flour, 1 stick butter or oleo, 1/2 c. chopped pecans (optional), 1 Tbsp. sugar, 1 small container frozen whipped topping, 1 (8 oz.) pkg. cream cheese, 1 c. powdered sugar, 2 pkg. instant pudding, 3 c. milk"
221,"Fritos or Doritos, 1 lb. ground beef, 1 onion, 1 can rotel, 1 can mushroom soup, 1 can cream of chicken soup, 1 (12 oz.) can pet milk (can use fat free), Grated cheese"
222,"2 c. flour, 1 tsp. baking soda, 1/2 tsp. salt, 1/2 c. butter or margarine, 1 c. sugar, 2 eggs, 1 tsp. vanilla, 1 c. sour cream, 1/2 c. sugar, 1 tsp. cinnamon, 1/2 c. chopped nuts, 1 1/4 c. apples, peeled and thinly sliced"
223,"1 1/2 c. sugar, 1/2 c. margarine, 1/2 c. vegetable shortening, 2 eggs, 2 tsp. cinnamon, 2 3/4 c. flour, 2 tsp. cream of tartar, 1 tsp. baking soda, 1/4 tsp. salt, 2 tsp. sugar"
224,"1 lb. spaghetti, 3 cucumbers, diced, 4 tomatoes, diced, 2 stalks celery, diced, 1 green pepper, diced, 2 onions, diced, 1 small bottle Wish-Bone Italian salad dressing, 1/2 bottle Salad Supreme"
225,"1 lb. ground meat, 2 slices cubed bread, 1 onion, grated, 1/2 c. rice (uncooked), 1 tsp. chili powder, 1/2 tsp. allspice, 2 eggs, 1 tsp. salt, 1 green pepper (optional), 2 cans tomato soup, 2 1/2 soup cans water, 1 tsp. chili powder"
226,"1 box Jiffy corn muffin mix, 1 1/2 sticks margarine, melted, 2 whole eggs, 2 egg whites, 1 c. sour cream, 1 (10 oz.) pkg. frozen chopped broccoli, thawed but not drained, 1 medium onion, chopped"
227,"2 large sweet onions, 1 egg, 2/3 c. water, 1 Tbsp. vegetable oil, 1 tsp. lemon juice, 1 c. all-purpose flour, 1 1/2 tsp. baking powder, 1 to 1 1/4 tsp. salt, 1/8 to 1/4 cayenne pepper, oil (for deep-fat frying)"
228,"1 c. White Lily Self Rising Flour, 1/3 c. mayonnaise, 1/2 c. sweet milk, pinch salt"
229,"1/2 c. evaporated milk, 1 egg, 1 c. cracker crumbs, 1 1/2 lb. ground chuck, 4 Tbsp. finely chopped onion, 1 1/2 tsp. salt or to taste, 1 tsp. dry mustard, 1 Tbsp. ketchup, 1 c. grated American cheese"
230,"1 pkg. (8 oz.) semi-sweet chocolate, 2/3 c. sweetened condensed milk, 1 tsp. vanilla, 1/8 tsp. salt, 1 c. chopped nuts"
231,"2 Tbsp. margarine, 1 lb. ground beef, 1 pkg. onion soup mix, 1/2 c. water, 1 c. catsup, 2 Tbsp. prepared mustard, 2 tsp. vinegar, 2 (1 lb.) cans pork and beans in tomato sauce, 1 (1 lb.) can kidney beans, drained"
232,"1 c. brown sugar, 1 c. flour, 1/3 c. shortening, pinch of salt, 1 egg, beaten, 1 tsp. baking soda, 1/2 tsp. baking powder, 1/2 c. sour milk (add 1 Tbsp. vinegar or lemon juice to sour 1 c. milk)"
233,"2 c. biscuit mix, 1 1/2 Tbsp. sugar, 6 oz. warm beer"
234,"1 c. chopped onion, 1 c. chopped green pepper, 1 Tbsp. butter, 1 (28 oz.) can tomatoes with liquid, cut up, 1 (4 oz.) can mushroom stems and pieces, drained, 1 (2 1/4 oz.) can sliced ripe olives, drained, 2 tsp. dried oregano, 1 lb. ground beef, browned and drained (optional), 12 oz. spaghetti, cooked and drained, 2 c. (8 oz.) shredded Cheddar cheese, 1 (10 3/4 oz.) can condensed cream of mushroom soup (undiluted), 1/4 c. water, 1/4 c. grated Parmesan cheese"
235,"1 can biscuits (10 count), 5 cooking apples, 1/2 c. granulated sugar, 1/2 c. brown sugar, 1 1/2 c. water, 1 tsp. apple pie spice, 1 tsp. vanilla, 1 stick butter or margarine"
236,"14 Twinkies, 1 large box strawberry jello, 2 c. hot water, 1 10 oz. frozen strawberries or 2 c. fresh, 1 large box vanilla instant pudding, 1 large container Cool Whip"
237,"1 box yellow or chocolate cake mix, 3 eggs, 1 stick butter, 1 (8 oz.) cream cheese, 1 box powdered sugar, 1 tsp. vanilla"
238,"1 (1 lb.) can cream-style corn, 1 Tbsp. butter, 1 Tbsp. flour, 4 eggs, well beaten, 3 Tbsp. sugar, 1 c. scalded milk, 1 tsp. salt, 1/8 tsp. pepper"
239,"3 eggs, ??? c. honey, 1/2 c. sugar, 1 c. strong black coffee, 2 tsp. baking powder, 3 Tbsp. soft margarine, 1 tsp. baking soda, 4 c. flour, 1 tsp. cinnamon"
240,"1 (12 oz.) can tomato paste, 1 qt. water, 2 cloves garlic, minced, 5 tsp. chili powder, 1 lb. lean ground beef, 1/2 c. chopped green onions, 2 c. shredded Monterey Jack cheese, 1 doz. corn tortillas"
241,"zucchini, 12 oz. tomato juice, dash of oregano, dash of parsley flakes, dash of garlic powder, 2 Tbsp. bell pepper, 2 Tbsp. dehydrated onions, salt, 1 chicken bouillon cube"
242,"1 c. sugar, 6 Tbsp. flour, 2 c. grated Cheddar cheese, 1 1/2 c. crushed Ritz crackers, 2 (15 1/2 oz.) cans pineapple chunks, drained, 1 stick margarine, melted"
243,"1 (2 lb.) chicken, 3 c. water, 1 1/2 tsp. salt, 3 potatoes, 1 onion, 1 (10 oz.) box frozen limas, 1 c. frozen or 1 can corn, 1 can tomatoes, salt and pepper to taste, 1/4 c. butter"
244,"2 (8 oz.) pkg. cream cheese, 2 Tbsp. mayonnaise, 1 tsp. lemon juice, 5 to 6 green onions, 1 (6 oz.) pkg. smoked deli beef, 1 small can chopped black olives, 1 small green bell pepper, chopped nuts, Ritz crackers"
245,"2 lb. carrots, cut in diagonal slices, 1 large onion, sliced in rings, 1 (10 oz.) can tomato soup, undiluted, 1/2 tsp. salt, 1/2 tsp. pepper, 1 c. sugar, 1/2 c. salad oil, 3/4 c. vinegar"
246,"4 eggs, separated, 2 c. sugar, 1 c. shortening, 1 tsp. salt, 2 tsp. baking powder, 2 tsp. vanilla, 3 c. flour, 2/3 c. milk, 3 c. floured blueberries"
247,"6 c. sliced yellow squash, 1 c. finely chopped onion, 1 can cream of chicken soup, 8 oz. sour cream, 8 oz. pkg. stuffing mix, 1 stick butter"
248,"1 box German chocolate cake mix, 1 can Eagle Brand condensed milk, 1 jar Smucker's caramel sauce, 1 container Cool Whip, 6 Skor candy bars"
249,"4 c. sifted flour, 1 1/2 c. shortening, 1 egg, 1/2 c. ice cold water, 1 Tbsp. vinegar, 1 tsp. sugar, 1/2 tsp. salt"
250,"1/4 lb. butter, 1/2 c. cocoa, 2 c. sugar, 4 eggs, 2 tsp. vanilla, 1 1/2 c. flour, 1/4 tsp. salt, 1 c. flaked coconut"
251,"20 to 24 white large mushrooms, cut off stems and hollow out carefully, reserving stems, 1 lb. sweet sausage, 3/4 c. Mozzarella cheese, 1/2 c. seasoned bread crumbs"
252,"unsalted soda crackers, 3/4 c. packed brown sugar, 2 sticks butter, 12 oz. bag chocolate chips"
253,"2 medium carrots, 2 celery stalks, 1 medium or 2 small onions, 1 medium bunch broccoli, 1/2 lb. mushrooms, 1/4 c. salad or olive oil, 1/4 c. water, 1 1/4 tsp. salt, 1/2 tsp. pepper, 1 level tsp. sugar"
254,"4 oz. fully cooked Canadian bacon or ham, cut into small cubes, 1/2 c. finely chopped Muenster, Cheddar or Monterey Jack cheese, 4 eggs, 1 1/2 c. skim milk, 1/2 tsp. pepper"
255,"1 1/4 c. Tang, 1/2 c. sugar, 1/3 c. instant tea, 1/2 tsp. cinnamon, 1/4 tsp. cloves, dash of salt"
256,"1 tube cookie dough, 1 pkg. cream cheese, 1/3 c. Marshmallow Fluff, sliced blueberries, peaches, kiwi and strawberries"
257,"6 thin slices Prosciutto ham, 3 oz. soft cream cheese, 1 small finely chopped onion"
258,"1/4 c. butter, 1 1/2 c. sugar, 1 large can pineapple, drained, 3 slices bread, cubed, 3 eggs, beaten, 1/4 c. milk, cinnamon, 1 Tbsp. sugar, roasted pecans"
259,"1/2 tsp. unflavored gelatin, 4 tsp. cold water, 1 c. heavy cream, pinch of salt, 1/2 tsp. real vanilla, 1 tsp. sugar"
260,"2 sticks margarine, 2 c. sugar, 2 Tbsp. cocoa, 4 eggs, 1 tsp. vanilla, 1 1/2 c. flour, 1 1/3 c. coconut, 1 c. chopped pecans"
261,"3 eggs, 1 1/2 c. margarine, melted, 1/2 c. Bisquick, 1/4 tsp. salt, pepper to taste, 1 c. shredded Swiss cheese, 1/2 c. crisp fried bacon, crumbled, 1/4 c. chopped onion, pinch of basil, pinch of marjoram, 1 c. broccoli or favorite vegetable"
262,"2 Tbsp. peanut oil, 1 c. chopped onion, 1 1/2 tsp. minced garlic, 7 c. chicken broth, 2 Tbsp. soy sauce, 1/4 tsp. pepper, 1 c. thinly sliced carrots, 1 tsp. minced ginger root, 1 lb. lean pork, cut in strips, 1 (8 oz.) can bamboo shoots, drained, 1 (8 oz.) can sliced water chestnuts, drained, 6 oz. frozen pea pods, 1/4 tsp. sesame oil, 2 eggs, well beaten"
263,"3/4 c. frozen raspberry or raspberry blend juice concentrate, thawed, 2 Tbsp. honey, 1 c. sliced fresh strawberries, 1 c. fresh or frozen blueberries, partially thawed, 1 c. fresh or frozen raspberries, partially thawed"
264,"9-inch graham cracker crust, 1 can condensed milk, 1/3 c. lemon juice, 1 can cherry pie filling, 1 (8 oz.) pkg. cream cheese, 1 tsp. vanilla"
265,"4 Tbsp. bacon drippings, 3 Tbsp. garlic salt, 3 medium onions, sliced, 1 large can pork and beans, 1 regular can red kidney beans, 1 can small green lima beans, 1/2 c. catsup, 1 tsp. dry mustard, 1/2 tsp. black pepper, 1 tsp. salt, 1/2 c. brown sugar, 1/4 c. vinegar"
266,"2 c. canned pumpkin, 1 c. salad oil, 3 c. sugar, 3 1/4 c. flour, 4 eggs, beaten, 2 tsp. salt, 1 tsp. baking powder, 1 tsp. baking soda, 1 tsp. cinnamon, 1 tsp. cloves, 1 tsp. nutmeg"
267,"1/4 c. onions, chopped, 2 Tbsp. green pepper, chopped, 2 Tbsp. salad oil, 2 c. cooked rice, 3 oz. sliced mushrooms, 2 Tbsp. soy sauce, 3 eggs, beaten"
268,"2 eggs, 1 1/2 Tbsp. sugar, 1 1/2 c. self-rising flour, 1 c. milk, 3 to 4 Tbsp. oleo, melted, vanilla to taste"
269,"1 can minced clams, 2 cloves garlic, minced, 1/2 c. olive oil, 1 Tbsp. minced parsley, salt and pepper"
270,"3 c. cranberries, 1 1/2 c. crushed pineapple, 1 1/4 c. sugar, 1 Tbsp. flour, 3/4 tsp. cinnamon, 1/2 tsp. nutmeg, 1/4 tsp. salt"
271,"1 stick margarine, 2 c. graham cracker crumbs, 2 pkg. Dream Whip, 1 (8 oz.) pkg. cream cheese, 1 c. sugar, 1 c. cold milk, 2 c. strawberries"
272,"1 c. commerical sour cream, 2 Tbsp. all-purpose flour, 3/4 c. sugar, 1 tsp. vanilla extract, 3/4 tsp. salt, 1 egg, beaten, 2 1/2 c. fresh blueberries, 1 unbaked 9-inch pastry shell, 3 Tbsp. all-purpose flour, 3 Tbsp. butter, softened, 3 Tbsp. chopped black walnuts"
273,"4 frankfurters, cut in 1-inch pieces, 2 Tbsp. butter, 1 (19 1/4 oz.) can Campbell's chunky old fashioned beans with ham soup, 1 (12 oz.) can whole kernel golden corn with sweet peppers, drained, 1 (8 oz.) can lima beans, drained, 1/2 c. barbecue sauce"
274,"1 pkg. lemon Jell-O, 1 c. boiling water, 3 Tbsp. lemon juice, 1 (8 oz.) pkg. cream cheese, 1 c. sugar, 1 small can drained, crushed pineapple, 2 tsp. vanilla, 1 large can Milnot, 2 pkg. graham crackers, 1/2 c. oleo (1 stick)"
275,"1 cup sifted cake flour, 1 1/2 cups sugar, 1 1/2 cups egg white (about a dozen), 1 1/2 tsp. cream of tartar, 3/4 tsp. salt, 1 tsp. vanilla, 1/2 tsp. almond flavoring"
276,"2 c. self-rising flour, 2 c. sugar, 1 c. oil, 2 jars strained plum baby food, 3 eggs, 1 tsp. cinnamon, 1 tsp. allspice, 1 c. pecans, broken into small pieces"
277,"3 c. sugar, 2 sticks margarine, melted, 1 c. pinto beans, mashed, 4 beaten eggs, 1 Tbsp. vanilla"
278,"1 devil's food cake mix, 3/4 c. peanut butter, 1 stick oleo, melted, 1 (7 oz.) jar marshmallow cream"
279,"2 boxes confectioners sugar, 1 can Eagle Brand milk, 1 tsp. vanilla, 7 oz. coconut (not frozen), pecans, 1 box Baker's semi-sweet chocolate, paraffin"
280,"1 head lettuce, 1 c. chopped onion, 1/2 c. bacon bits, 2 c. mayonnaise, 1 pkg. shredded Swiss cheese, 1 c. cauliflower (in pieces), 1 c. chopped celery, 1 c. frozen peas, 3 Tbsp. sugar"
281,"1/2 c. margarine, 2/3 c. unsweetened cocoa, 1/2 c. light corn syrup, 1 Tbsp. water, 1 tsp. vanilla, 1 lb. confectioners sugar, 1 c. miniature marshmallows, 1/2 c. chopped nuts"
282,"2 eggs, 2 c sugar, 1 can Eagle brand milk, 1/2 pt cream, 2 tsp vanilla, pinch of salt, 2 qts milk"
283,"1 c. persimmon pulp, 1 c. powdered sugar, 2 c. graham cracker crumbs, 1/2 c. peanuts, chopped, 1/2 c. miniature marshmallows, whipped cream"
284,"1 c. light brown sugar, 3 eggs, 3 c. self rising flour, 1 tsp. cinnamon, 1/2 c. milk, 2 lbs candied fruit or 6 slices of candied pineapple and 2 cups of candied cherries, 3 to 4 c. of pecans"
285,"1 medium chicken, 1 can (12) soft tortillas, 1 large chopped onion, 1 large chopped green pepper, 1 can mushroom soup, 1 can cream of chicken soup, 1 can tomatoes and green chilies, 1/2 tsp. chili powder, 1/2 tsp. garlic salt, 1 lb. Cheddar cheese, grated"
286,"1 tube refrigerator enriched sugar cookie dough, 8 oz. cream cheese, softened, assorted canned or fresh fruits, sliced, 1/2 c. powdered sugar, coconut"
287,"2 Tbsp. butter or margarine, 2 Tbsp. flour, 1/4 c. boiling water, 1/4 c. vinegar, 1/3 c. brown sugar, 1/2 tsp. salt, 1/8 tsp. pepper, 1/8 tsp. ground cloves, 2 1/2 c. diced, cooked beets"
288,"6 to 8 lean slices diced bacon, 2 c. diced, cooked potatoes, 1 c. diced onion, 2 cans minced clams, drained (reserve 1 c. clam juice), 2 c. half and half, 1 c. water, 2 Tbsp. butter, salt and pepper to taste"
289,"2 small pkg. fresh cranberries, 1 c. sugar (or more if you like), 1 whole orange, walnuts"
290,"3 Tbsp. Butter, 4 Bananas (sliced), 6 Eggs (separated), 1/2 tsp. Salt, Dash of Cayenne Pepper, 1/4 c. Milk, 2 Tbsp. Chopped Parsley"
291,"1 lb. hamburger, 1 onion, chopped, 1/2 pkg. dry taco seasoning, 1 can kidney beans, 1 can butter beans, 1 can tomatoes, 1 small can tomato sauce, 1 (12 oz.) can tomato juice or V-8 juice"
292,"2/3 c. sweetened condensed milk, 2 Tbsp. lemon juice, 6 sugar cones (the hard type), 1/2 c. whipped cream or Cool Whip, 8 oz. fruit yogurt"
293,"1/2 c. soy sauce, 1/4 c. oil, 1/4 c. red wine vinegar, 1 tsp. oregano, 1 tsp. basil, 1 tsp. minced onion, 1/4 tsp. pepper"
294,"1 box Pillsbury yellow cake mix, 1 tsp. coconut flavoring, 1 tsp. rum flavoring, 1 c. coconut, 1/2 c. chopped nuts, 1 c. drained crushed pineapple"
295,"3/4 c. sugar, 1/2 c. red wine vinegar, 1 c. oil, 3 Tbsp. soy sauce, 2 pkg. Ramen noodles, crushed, 1 c. chopped walnuts, 1 bunch chopped green onion, 1 bunch broccoli florets, 2 pkg. romaine lettuce"
296,"1/2 c. white sugar, 2 c. brown sugar, 1 stick margarine, 1/2 c. oil, 2 c. applesauce, 2 tsp. soda, 1/2 tsp. salt, 2 eggs, 1 c. ground raisins, 1/2 c. walnuts or pecans, 2 1/2 c. flour, 1 tsp. cinnamon, 1/4 tsp. cloves"
297,"1 pt. oil, juice of 1/2 lemon, 1 egg yolk, 1 tsp. honey"
298,"1 lb. hamburg, 1/4 c. chopped onion, 1/4 tsp. salt, 1/8 tsp. pepper, 1 c. mashed potatoes"
299,"3 c. chopped, raw apple, 2 c. flour, 2 c. sugar, 1/2 c. shortening (I used 1 stick oleo), 2 eggs, 1/2 tsp. salt, 1 tsp. baking soda, 2 tsp. vanilla, 1/2 tsp. nutmeg, 1/2 tsp. cinnamon, 1 c. chopped nuts"
300,"1 1/2 c. cooked brown rice (without salt or fat), 1 1/2 c. (6 oz.) shredded part skim milk Mozzarella cheese, divided, 1 egg, beaten (I use Second Nature), 1 tsp. oregano, divided, Pam, 1 c. broccoli flowerets, 1 c. sliced zucchini, 1 c. sliced fresh mushrooms, 1 small onion, sliced, 8 oz. can tomato sauce (no salt)"
301,"1 (1 lb.) box medium size macaroni shells, 1/2 lb. cooked ham, 1 (10 oz.) pkg. frozen broccoli, thawed, 1 clove garlic, crushed, 1/2 c. margarine, 1 c. heavy cream, 1 c. grated Parmesan cheese"
302,"1 chopped onion, 2 chopped bell peppers, 1/2 bunch celery, 1 can chicken broth, 2 chopped potatoes, little soy sauce and cornstarch"
303,"2 lb. ground beef, 1/2 c. bread crumbs, 1 c. milk, 2/3 c. onion, chopped, 1 egg, 1 tsp. salt, 1/8 tsp. pepper, 3 Tbsp. lard or drippings, 2 beef bouillon cubes, 3 c. hot water, 1/4 c. soy sauce, 2 c. celery, cut in 1/2-inch strips, 3 Tbsp. cornstarch, 2 Tbsp. cold water, 2 c. bean sprouts, drained, 1 c. mushroom stems (4 oz.), cooked rice or chow mein noodles"
304,"1 lb. ground beef, cooked and drained, 1 large can tomatoes (whole), 1 can tomato soup, 1 small onion, chopped, 2 c. water, 1 pkg. frozen mixed vegetables, 1 c. potatoes, cut up and cooked until tender, 1 c. diced celery, 1/4 tsp. salt, 1/4 tsp. pepper"
305,"24 Kraft jet-puffed marshmallows or 3 c. Kraft miniature marshmallows, 2 cans (8 oz. each) crushed pineapple, drained, reserving 1/2 c. liquid, 2 c. thawed Cool Whip nondairy whipped topping, 1 prepared graham cracker crumb crust (6 oz.)"
306,"1 tsp. vegetable oil, 2 stalks celery, sliced diagonally, 1 head cabbage, shredded, 1/2 c. water chestnuts, 1 recipe Sweet-N-Sour Sauce, 3 carrots, sliced diagonally, 1 chopped onion, 2 zucchini, sliced, 1/4 c. green pepper, chopped"
307,"Graham crackers, 1 stick of margarine, 1 stick of butter, 1/2 c sugar, pecans"
308,"3 Tbsp. bacon drippings or olive oil, 1 onion, chopped, 1 large red cabbage, shredded, 2 cooking apples, chopped, 1/2 c. wine vinegar, 1 Tbsp. sugar, 1 tsp. salt, 1/2 jar currant jelly"
309,"1 can chunk pineapple, 1 can mandarin oranges, 1 small jar maraschino cherries, 1 container sour cream, 1 small pkg. miniature marshmallows, 1 can flaked coconut"
310,"3 c. sugar, 2 sticks margarine, 1/4 c. Crisco, 6 eggs, 3 c. sifted cake flour, 8 oz. sour cream, 1 tsp. vanilla flavoring"
311,"2 c. flour, 2 tsp. baking powder, 1/2 tsp. salt, 2 tsp. cinnamon, 4 eggs, 1 c. nuts, 2 c. pumpkin, 1 tsp. soda, 2 c. sugar, 1 c. oil"
312,"1 can tomato sauce, 1/4 c. brown sugar, 1/4 c. vinegar, 1/2 c. minced onion, salt and pepper to taste, 1 tsp. garlic powder"
313,"6 slices bread (crusts removed), 1 1/2 lb. sausage, 1 c. Swiss cheese, grated, 4 eggs, slightly beaten, 1 1/2 c. milk, 3/4 c. light cream, 1/2 tsp. salt, dash of pepper, dash of nutmeg, 1 tsp. Worcestershire sauce"
314,"1 large onion, chopped, 1 green pepper, chopped, 1 lb. ground beef, 1 (3 oz.) pkg. sliced pepperoni, chopped, 1 (32 oz.) jar spaghetti sauce with mushrooms, 1 (12 oz.) pkg. spaghetti, 1 c. (4 oz.) shredded Mozzarella cheese, 1 Tbsp. grated Parmesan cheese"
315,"1 c. sugar, 2 c. water, 4 c. cranberry juice, 4 c. pineapple juice, 2 c. orange juice, 1 qt. ginger ale"
316,"3 c. flour, 1 c. oil, 4 eggs, 3 tsp. vanilla, 2 c. sugar, 3 tsp. baking powder, 1/2 c. peach juice from can, 1 (20 or 29 oz.) can sliced peaches"
317,"2 peeled oranges, 2 peeled bananas, 2 c. crushed ice, 2 c. applesauce, unsweetened, 1/2 tsp. cinnamon"
318,"2 lb. ground beef, 3 c. water, 1 (15 oz.) can tomato sauce, 2 bay leaves, 1/2 tsp. salt, 2 tsp. ground cumin, 1 tsp. ground cinnamon, 1 tsp. Worcestershire sauce, 1 1/2 tsp. vinegar, 1 1/2 tsp. ground allspice, 2 Tbsp. chili powder"
319,"2 medium cucumbers, cut into 1-inch pieces, 1 medium onion, sliced and separated into rings, 2 Tbsp. butter or margarine, 4 medium tomatoes, cut in wedges, 1/2 tsp. salt, dash of pepper, 1 Tbsp. fresh dill or 1 tsp. dried dill"
320,"2 c. 10x sugar, 2 Tbsp. flour, 1 egg white, 1/2 c. Crisco, 1 Tbsp. butter, 1 tsp. vanilla, 2 Tbsp. milk"
321,"2 c. brown sugar, 2 c. granulated sugar, 2 c. oil, 4 eggs, 1/4 tsp. baking powder, 1 tsp. salt, 4 c. flour, 1 1/2 c. quick cooking oats, 2 c. coconut, 4 c. corn flakes, not crushed, 6 oz. chocolate chips, 1 c. nuts (optional)"
322,"2 eggs, 1/2 c. all-purpose flour, 1/2 c. sugar, 1/2 c. packed brown sugar, 1 c. butter, melted and cooled, 6 oz. chocolate chips, 1 c. chopped walnuts, 1 (9-inch) unbaked pie shell, whipped cream or ice cream"
323,"1 1/2 lb. ground beef, 1 1/3 c. (2.8 oz. can) French fried onions or fried onion rings, 3/4 tsp. salt, 1/4 tsp. salt, 6 rolls"
324,"16 oz. cream cheese, softened, 1 1/2 lb. Cheddar cheese, grated, 1 tsp. lemon juice, 2 tsp. grated onion, 1 tsp. dry mustard, 1 tsp. soy sauce, 1/2 tsp. paprika, 1/2 tsp. salt, 2 Tbsp. parsley"
325,"1 c. flour, 1/2 c. quick oats, 1/2 c. brown sugar, 1/2 c. margarine, 1 (1 lb.) can pumpkin, 1 (13 1/2 oz.) evaporated milk, 2 eggs, 3/4 c. sugar, 1 tsp. cinnamon, 1/2 tsp. ginger, 1/4 tsp. cloves, 1/2 c. walnuts, 1/2 c. brown sugar, 2 Tbsp. butter"
326,"9 inch unbaked pie shell, 1/2 c. butter, 2 c. sugar, 3 tsp. flour, rounded, 3 eggs, 1 c. buttermilk, 1 tsp. vanilla, dash of nutmeg (optional)"
327,"4 large potatoes, 3 eggs, 1 c. sugar, 1 tsp. vanilla, 3/4 c. milk, grated coconut (optional), 1 (9-inch) pastry shell"
328,"1 lb. broccoli, 1 lb. cauliflower, chicken broth, water or bouillon, 1/2 c. butter, 1 small onion, diced, 1/2 c. flour, 1 qt. milk, 1 c. grated sharp Cheddar cheese, black pepper"
329,"1 1/2 c. Wesson oil, 2 c. sugar, 2 eggs, beaten, 3 c. peeled, chopped fresh apples, 3 c. sifted cake flour, 1 tsp. salt, 1 tsp. soda, 2 tsp. vanilla"
330,"1 c. Tang, 1 c. sugar, 1/2 c. instant tea with lemon, 1/2 tsp. cloves, 1/2 tsp. cinnamon"
331,"1 Tbsp. butter, 1 Tbsp. onion, 1 1/2 lb. ground beef, 2 tsp. salt, 1/4 tsp. pepper, 1 (20 oz.) can cream-style corn, 1/2 c. milk, 1 qt. sliced pared potatoes"
332,"3 c. flour, 1 1/4 c. shortening, 1 tsp. salt, 1 egg, well beaten, 5 Tbsp. water, 1 Tbsp. vinegar"
333,"2 c. sugar, 3/4 c. milk, 1 Tbsp. white Karo syrup, 1/2 c. sugar"
334,"cut up chicken, 1 jar apricot preserves, 1 bottle Catalina salad dressing, 1 envelope Lipton onion soup (dry)"
335,"2 c. semi-sweet chocolate chips, 1 c. sweet chocolate chips, 1 can sweetened condensed milk, 1 1/2 tsp. vanilla, nuts (optional)"
336,"1 bag frozen dinner rolls, 1 (3 5/8 oz.) pkg. butterscotch pudding (not instant), 1/2 c. butter, 3/4 tsp. cinnamon, 3/4 c. brown sugar, 1/2 c. chopped nuts"
337,"1 (8 oz.) pkg. cream cheese, 1/4 tsp. salt, 1 tsp. vanilla, 6 c. confectioners sugar, finely chopped coconut"
338,"4 c. Miracle Whip, 1 can tomato soup, 1 Tbsp. vinegar, 4 Tbsp. sweet relish, 2 Tbsp. chili sauce, 1 Tbsp. sugar, 1 Tbsp. dry mustard, 1 small grated onion, 1 clove grated garlic"
339,"1 c. milk, 1 stick butter, 1 yeast cake, dissolved in 1/4 c. warm water, 1/3 c. sugar, 1 tsp. salt, 2 eggs, 4 1/2 c. sifted flour"
340,"1 1/2 c. white sugar, 1 1/2 c. brown sugar, 4 Tbsp. cocoa, 2 c. flour, 6 eggs, 1 1/2 sticks oleo, melted, 1/2 c. milk, 1 tsp. vanilla, 1/4 tsp. salt, 1/2 c. nuts"
341,"1 1/2 c. unsweetened applesauce, 3/4 c. margarine, 1 Tbsp. vanilla, 2 c. oatmeal, 1/2 tsp. allspice, 1 1/2 tsp. soda, 1 c. raisins, 2 eggs, 1/3 c. brown Sugar Twin, 1 Tbsp. cinnamon, 1 1/2 c. flour, 1/2 tsp. salt, 1/4 c. nuts"
342,"2 (1 oz.) sq. semi-sweet chocolate, chopped, 1/2 Tbsp. whipping cream, dash of almond extract, 8 strawberries"
343,"1 lb. ground beef, 1 c. chopped onions, 2 to 3 cut-up tomatoes, 1 to 3 garlic buds (adjust for size and taste), 16 oz. chunky spaghetti sauce, 1 to 3 Tbsp. tamari sauce (use smaller amount for low sodium diet), 1 (16 oz.) can cooked beans (navy, pinto, kidney or pork and beans)"
344,"4 chicken breasts, skin removed, 1/2 c. onion, chopped fine, 1/2 tsp. tarragon, chicken bouillon"
345,"1 box lemon jello, 1 c. hot water, 3/4 c. cold water, 1/2 c. grated cabbage, 1/2 c. small chopped celery, 1/4 c. grated carrot, 1/8 c. finely chopped green pepper, 1/2 c. pineapple tidbits"
346,"1 c. flour, 1/2 tsp. cornstarch, 1/2 tsp. soda, 1/2 tsp. baking powder, 1 beaten egg, 1/2 to 1 c. cold water, paprika"
347,"1 small can chicken (all white meat), 8 oz. cream cheese, softened, 1 Tbsp. minced onion, 2 Tbsp. soy sauce or lemon soy sauce, 1 Tbsp. mayonnaise, chopped pecans, maraschino cherry for garnish (if desired)"
348,"3 c. salted peanuts without skins, 3 Tbsp. butter or margarine, 2 c. (12 oz.) peanut butter chips, 1 can sweetened condensed milk, 2 c. miniature marshmallows"
349,"1 pkg. dates, cut fine, 1 tsp. baking soda, 1 c. hot water, 1/2 c. margarine, 1 c. sugar, 1/2 tsp. salt, 1/2 c. walnuts, 1 egg, 1 1/2 c. flour"
350,"1 pkg. yellow cake mix, 1 stick margarine, 1 egg, beaten, 1/2 c. chopped nuts, 1 box confectioners sugar, 8 oz. cream cheese, 2 eggs, beaten"
351,"3 lb. shortening, 5 lb. flour, 2 Tbsp. salt, 3 c. water, 1 c. white syrup"
352,"1 1/3 c. graham cracker crumbs (about 16 whole crackers), 1/4 c. sugar, 5 Tbsp. unsalted butter, melted"
353,"2 Tbsp. margarine, 4 skinless, boneless chicken breast halves, 1 1/2 c. sliced mushroom, 1 small onion, sliced, 1/8 tsp. garlic powder or 1 clove garlic, minced, 1 can (10 3/4 oz.) cream of mushroom soup, 1/2 c. milk, 2 Tbsp. dry sherry (optional), 1/8 tsp. pepper"
354,"1 head red cabbage, cut into small pieces, 1 Tbsp. salt, 1 tsp. salt, 1 tsp. pepper, 1 Tbsp. sugar, 1/2 c. cider vinegar, caraway seed to taste, 1 onion, chopped"
355,"1 1/2 c. warm water, 1 pkg. dry yeast, 3 1/2 tsp. sugar, 1 tsp. salt, 3 tsp. melted Crisco, 4 c. plain flour"
356,"1 1/2 c. uncooked rice, 1 envelope onion soup mix, 1 can cream of mushroom soup, 1 1/2 c. hot water, 8 chicken breasts or thighs"
357,"1 1/4 c. all-purpose flour, 1/2 c. sugar, 1/2 c. butter or margarine, 2 eggs, 1/2 c. firmly packed brown sugar, 1 tsp. vanilla, 1/8 tsp. baking soda, 1 c. chopped walnuts, 1 c. raisins, 1/2 c. flaked coconut (optional)"
358,"1 (9-inch) baked pie shell, No. 2 can crushed pineapple, drained, 1 pkg. lemon Jell-O, 1 pt. vanilla ice cream, Cool Whip"
359,"2 c. graham cracker crumbs, 1/4 c. white sugar, 1 stick butter, 1 can cherry pie filling, 1 small tub Cool Whip, 1/2 c. powdered sugar, 1 pkg. cream cheese"
360,"1 1/2 c. sugar, 3 eggs, 1 1/2 c. cooked beets, mashed, 1 c. Crisco oil, 2 squares unsweetened chocolate, melted, 1 1/3 c. flour, 1 1/3 tsp. soda, 1/2 tsp. salt, 1 tsp. vanilla"
361,"1 (7 oz.) can sauerkraut, drained, 1 small tomato, sliced, 2 Tbsp. Thousand Island dressing, 1 (4 oz.) pkg. sliced corned beef, cut in bite size pieces, 3/4 c. Swiss cheese, shredded, 1/8 tsp. caraway seed, 1 c. rye bread crumbs (soft), 1 Tbsp. butter or margarine"
362,"4 lb. Irish potatoes (boil, peel and slice in 1/4 slices), 16 oz. (large) sour cream, 16 oz. (large) Cheez Whiz, 2 Tbsp. minced onions, 1 Tbsp. dried parsley, 1 lb. precooked sausage (sliced in diced cuts)"
363,"3 beaten eggs, 2 c. sugar, 1 c. oil, 1 small can crushed pineapple, 2 tsp. vanilla, 1 c. grated carrots, 1 1/2 tsp. cinnamon, 1 tsp. soda, 1/4 tsp. salt, 3 c. flour, 1 c. chopped nuts"
364,"1 chicken, cooked and cut into small pieces, 1/4 stick margarine or butter, 2 c. chicken broth, 1 c. milk, 1 can chicken soup, 1 c. self-rising flour, salt and pepper to taste"
365,"6 large potatoes, 2 cans evaporated milk, 3/4 stick margarine, salt and pepper"
366,"1/2 c. butter, 1 c. packed brown sugar, 1/2 c. corn syrup, 1 tsp. salt, 4 c. quick cooking oats, 1/2 c. peanut butter, 1/2 c. chocolate chips, 1 1/2 tsp. butter, 2 tsp. vanilla"
367,"2 cans cherry pie filling, 1 can crushed pineapple, not drained, 1/2 c. pecans, 1 c. miniature marshmallows, 1 large container Cool Whip, 1 can Eagle Brand milk"
368,"1 pt. oysters, 2 c. cracker crumbs (Ritz), 1/2 c. melted butter, 1/2 tsp. salt, dash of pepper, 3/4 c. cream, 1/4 c. oyster liquid, 1/4 tsp. Worcestershire sauce"
369,"2/3 c. shortening, 2 Tbsp. butter, softened, 2 c. flour, 1 tsp. salt, 1/4 c. cold water"
370,"1 1/2 c. boiling water, 1 c. oatmeal, 1/2 c. butter, 1 c. white sugar, 1 c. brown sugar, 2 eggs, 1 1/2 c. flour, 1/2 tsp. salt, 1 tsp. cinnamon, 1 tsp. soda, 1 tsp. baking powder, 1 tsp. vanilla"
371,"lettuce, pineapple slices, banana, mayonnaise, cherries"
372,"1 (14 3/4 oz.) can pink salmon, drained, 1 1/2 c. mashed potatoes, 1 small onion, grated, 1 large egg, 1/2 tsp. pepper, 1/4 c. packaged bread crumbs, 3 Tbsp. vegetable oil"
373,"2 c. chicken, fish or meat, 1 c. croquette sauce, 1 egg, 3/4 c. breadcrumbs, salt to taste, pepper to taste"
374,"1 large can corn, 6 onions, chopped, 1 stalk celery, chopped, 1 pt. white vinegar, 3 red sweet peppers, chopped, 3 green sweet peppers, chopped, 2 c. sugar, 1 tsp. turmeric, 1 Tbsp. dry mustard, 1 Tbsp. celery salt, 2 Tbsp. salt"
375,"1/2 c. sugar, 1/2 c. shortening, 1 egg, 1 1/2 tsp. soda, 1 tsp. cinnamon, 1 tsp. ginger, 1/2 tsp. salt, 2 1/2 c. flour, 1 c. hot water, 1 c. molasses"
376,"2 sticks butter (do not substitute), 2 c. granulated sugar, 6 eggs, 1/2 c. milk, 12 oz. box vanilla wafers, crushed, 7 oz. flaked coconut, 1 c. chopped pecans"
377,"6 medium size baking potatoes, 1 medium to large onion, diced, 1 (16 oz.) pkg. bacon, cooked and crumbled, 1 1/2 c. cooked, smoked ham, cut in small cubes, 1 1/2 c. cheese (I use part Mozzarella and part Cheddar), 2 Tbsp. butter or margarine, 1/4 c. milk"
378,"1 can cream of shrimp soup, 1/2 can milk (use soup can), 1 lb. faux crabmeat, 4 c. celery, chopped, 1/2 c. green pepper, chopped, 2 pimentos, chopped, 2 Tbsp. onions, chopped, 1/3 c. slivered almonds, 4 hard-cooked eggs, chopped, 1 c. shredded sharp Cheddar cheese, buttered bread crumbs"
379,"2 lb. ground beef, 1/4 c. catsup, 1/4 c. mustard, 1/4 c. barbecue sauce, 2 (16 oz.) cans sliced potatoes, drained, 2 (16 oz.) cans pork and beans, 1 (16 oz.) can whole kernel corn, drained, 2 Tbsp. minced onion flakes"
380,"1 stick butter, 1 c. flour, 1/2 c. pecans, chopped, 1 (8 oz.) pkg. cream cheese, softened, 1 c. confectioners sugar, 1 small container Cool Whip, 2 small pkg. lemon instant pudding (can also use chocolate), 3 c. milk"
381,"1 box Duncan Hines butter recipe cake mix, 1 c. milk, 4 eggs, 3/4 c. oil, 1 can ready to spread coconut pecan icing, 1 c. pecans"
382,"1 pkg. potatoes O'Brien or homemade, 1/4 c. butter, 1/4 c. flour, 2 c. milk, 1 c. sour cream, salt and pepper to taste, parsley, 8 slices Canadian bacon, 8 eggs"
383,"chuck roast (5 lb. +/-, blade in or out), ginger, garlic salt, pepper, paprika, 1 can tomato paste"
384,"8 eggs, 1 c. milk, 1 (3 oz.) pkg. smoked, sliced ham, beef or corned beef, torn into small pieces, 3 Tbsp. finely chopped onion, 1/2 tsp. seasoned salt, 1 c. Cheddar cheese"
385,"1 c. butter, 3/4 c. sugar, 1 c. boiling water (to melt margarine), 1 c. lukewarm water (for yeast), 2 pkg. yeast (dry), 2 eggs, beaten, 1 tsp. salt, 6 1/2 c. flour (about)"
386,"1 lb. ground beef, 1 small onion, chopped, 1/2 tsp. garlic powder, 1 envelope taco seasoning mix, 1 (8 oz.) can tomato sauce, 1 c. sour cream, 1 c. cottage cheese, 2 c. crushed tortilla chips, 2 c. shredded Cheddar or Monterey Jack cheese"
387,"1 can crab, 1 (8 oz.) cream cheese, 2 Tbsp. mayo, 3 tsp. lemon juice, 3 tsp. Worcestershire sauce, 1/16 tsp. garlic powder, 1 Tbsp. finely chopped onion, Parmesan cheese"
388,"2 Tbsp. dried herbs: equal parts of parsley, tarragon, chives and/or basil, 1/2 c. margarine"
389,"2/3 c. sugar plus 1 Tbsp., 1 scant c. shortening, 1 c. hot water, 2 pkg. yeast, dissolved in 1 c. warm water (not hot), 2 eggs, 6 c. plain flour with 1 tsp. salt mixed in"
390,"1 lb. ground beef, 1/2 c. minced onion, 1 (14 1/2 oz.) can tomatoes, chopped, 3/4 c. Minute rice, 3 Tbsp. chopped green pepper, 1/2 c. sliced stuffed olives, 1 1/2 tsp. chili powder, 1/2 tsp. garlic salt, 1/2 tsp. salt, 1 c. water, 1 c. shredded Cheddar cheese"
391,"4 large baking potatoes, 2 Tbsp. butter or margarine, 1/2 c. shredded Cheddar cheese, 1 c. whipping cream, 1 tsp. chopped chives"
392,"1 (10 oz.) pkg. frozen chopped broccoli, partially thawed, 1 envelope Lipton chicken soup mix with diced white chicken meat, 3 1/2 c. milk, 1 Tbsp. flour"
393,"1 head cabbage, 1 lb. hamburger, 1 c. cooked rice, 1/2 tsp. pepper, 1 egg, 1 tsp. salt, chopped onion, 1 can tomatoes"
394,"4 eggs, 2 c. milk, 1/2 c. Bisquick, 1/3 c. softened oleo, 1 tsp. vanilla, 1 can coconut, 3/4 c. sugar"
395,"3/4 c. spaghetti sauce (Garden-Style), 1/2 c. (2 oz.) shredded part-skim Mozzarella cheese, 2 Tbsp. grated Parmesan cheese, 2 Tbsp. minced onions, 1/4 tsp. fresh ground black pepper, 1/4 tsp. dried oregano, 24 (1/2-inch) slices fresh zucchini, 24 slices fresh mushrooms"
396,"14 tsp. alum, 12 lb. cucumbers (whole), 9 c. water, 1 c. salt, 8 lb. sugar, pickling spice"
397,"1 box German chocolate cake mix, 8 oz. pkg. cream cheese, 1 stick butter, 3 c. powdered sugar, 3/4 c. pecans, chopped, 1 c. coconut"
398,"2 c. flour, 4 Tbsp. cocoa, 1 c. sugar, pinch of salt, 1 c. lukewarm water, 2 tsp. baking soda, dissolved in the warm water, 1 c. mayonnaise"
399,"1 white batter cake mix, 1 1 lb can pear halves, undrained, 2 egg whites, 1 whole egg"
400,"1 (46 oz.) can pineapple juice, 1 c. sugar, 1 (6 oz.) can frozen lemonade, 1 (48 oz.) bottle cranberry juice, 2 liters ginger ale, chilled"
401,"8 oz. macaroni, 2 medium onions, sliced, 1 pkg. (10 oz.) frozen peas, cooked and drained, salt and pepper"
402,"3 oz. fat-free cream cheese, 2 Tbsp. skim milk, 1 c. powdered sugar, 1/2 c. reduced-fat peanut butter, large container Cool Whip lite, low-fat baked pie shell"
403,"dash of pepper, 1 beaten egg, 1/2 cup milk, 1 - 8-3/4 ounce can cream-style corn, 1 - 7 ounce can whole kernel corn, drained"
404,"2 c. milk, 1 c. sugar, 1/2 c. flour, 2 eggs, 1 tsp. vanilla, pinch of salt, bananas, vanilla wafers"
405,"2 lb. beef for stew, cubed, 1 medium onion, sliced, 1 small clove garlic, 1/4 c. shortening, 1 1/2 c. water, 3/4 c. catsup, 2 Tbsp. Worcestershire sauce, 1 Tbsp. packed brown sugar, 2 tsp. salt, 2 tsp. paprika, 1/2 tsp. dry mustard, dash of cayenne red pepper, 1/4 c. cold water, 2 Tbsp. flour"
406,"3 c. sugar, 3 c. Swans Down cake flour, 7 eggs (medium), 1 c. milk, 1/2 tsp. salt, 1 tsp. vanilla flavoring, 1 tsp. butternut flavoring, 1 1/2 c. Crisco"
407,"ham bone, ham bouillon, flour, 2 eggs, 1 c. cold water"
408,"1 chopped onion, 1 rib chopped celery, 1/2 stick butter, 1 (10 oz.) pkg. frozen broccoli, cooked and well drained, 2 1/2 c. cooked rice, 1 (10 3/4 oz.) can condensed cream of chicken soup, 4 oz. cheez Whiz, dash of Tabasco, pepper to taste"
409,"1 (18 oz.) jar crunchy peanut butter, 3 c. Rice Krispies, 1 lb. powdered sugar, 1 stick oleo, 1 (12 oz.) chocolate chips, 1/2 stick paraffin wax"
410,"1 bunch broccoli heads, 2 stems green onion (single stalks) or 1/2 medium whole onion, 1/4 c. sunflower seeds, 1/2 c. raisins, 6 slices bacon, fried and cooled, 1/2 c. mayonnaise, 2 Tbsp. vinegar, 1/8 c. sugar"
411,"1 1/2 to 2 lb. baking potatoes, 1/8 to 1/4 tsp. cayenne, 1 to 1 1/2 Tbsp. olive oil, nonstick cooking spray, 1/3 to 1/2 tsp. garlic powder, 1/4 to 1/2 tsp. salt"
412,"3 c. cooked and diced chicken, 1 small pkg. frozen Veg-All, 1 c. chicken broth, 1 c. cream of celery soup, 1/4 tsp. pepper, 1/2 tsp. salt, 1 c. self-rising flour, 1 c. milk, 1/2 c. margarine, melted"
413,"4 slices buttered toast, 1/3 c. seedless raisins, 2 eggs, slightly beaten, 1/4 c. sugar, 1/8 tsp. salt, 1 c. Pet milk, 1 c. boiling water, 1 tsp. vanilla, 4 tsp. sugar, 1/4 tsp. cinnamon"
414,"1 (2 oz.) can anchovies, 1 Tbsp. black pepper, 1 Tbsp. Accent, 2 stalks celery, 1 medium onion, 1/4 c. mustard, 1 1/2 cloves garlic, 1 tsp. lemon juice, 3 eggs, 2 c. Mazola oil"
415,"3 eggs, 1 tsp. soda, 1 c. coconut, 2 c. apples, chopped, 1 1/4 c. oil, 1/2 tsp. cinnamon, 2 c. sugar, 1 c. pecans, 3 c. flour, 1/2 tsp. salt"
416,"1 lb. ground beef, 1 Tbsp. onions, 1 tsp. salt, 1/4 tsp. pepper, 3/4 tsp. Italian seasoning, 1 (6 oz.) can tomato paste, 1 pizza crust, 8 oz. shredded Mozzarella cheese"
417,"1 head cabbage, 1 onion, 1 bell pepper, 1 ripe tomato, 2 Tbsp. sugar, 1 tsp. salt, 1 tsp. pepper"
418,"1 (No. 2) can crushed pineapple, drained, 1 c. water, pineapple juice, 12 large marshmallows, 1 pkg. lemon jello, 1 pkg. orange jello, 1 c. grated carrots, 1 c. diced celery, 1 lb. cottage cheese, 1/2 c. mayonnaise, 3/4 c. chopped nuts, 1 pkg. Dream Whip or other whipped cream"
419,"1 stick unsalted butter (room temperature), 2 Tbsp. granulated sugar, 1 tsp. vanilla, 1 c. all-purpose flour, sifted, 1 c. finely chopped walnuts, 1 c. powdered sugar, sifted"
420,"1 (18 oz.) jar pineapple preserves, 1 (18 oz.) jar apple jelly, 1 (5 oz.) jar horseradish, 1 1/4 oz. dry mustard, 1 Tbsp. coarse black pepper"
421,"1 c. sugar, 2 eggs, 2 c. flour, 1 tsp. soda, vanilla to taste, pinch of salt, 1/2 c. chopped nuts (optional), 1/2 c. shortening, 3 bananas, mashed"
422,"3 c. cubed, cooked chicken, 8 oz. (2 c.) shredded Monterey Jack cheese, 12 oz. can whole kernel corn, drained, 10 3/4 oz. can condensed cream of chicken soup, 1 c. flour, 1/4 c. cornmeal, 1 3/4 tsp. baking powder, chili powder or seasoned salt, 1 1/2 c. milk, 1/2 c. margarine, melted, 3 eggs, beaten, 1/4 c. chopped onion, 4 oz. can chopped green chillies, 2 oz. chopped pimento, drained"
423,"1 gal. chopped cabbage, 1 gal. tomatoes, 6 to 8 onions, 6 small bell peppers, 1 qt. vinegar, 1 hot pepper, 5 lb. sugar or to taste, 1 Tbsp. allspice, 1/2 tsp. cinnamon, 1/2 tsp. nutmeg, 1 Tbsp. salt"
424,"2 bunches fresh broccoli, 10 slices bacon, cooked and crumbled, 2/3 c. raisins, 1/2 c. onion, chopped, 1 c. salad dressing (Miracle Whip), 1/2 c. sugar, 2 Tbsp. vinegar, 1/2 c. slivered almonds (optional), 1/2 c. sharp cheese (optional)"
425,"1 whole chicken, cut up, 3 large lemons, 1 stick butter, oregano"
426,"2 Tbsp. butter, 1 1/4 c. sugar, divided, 1 c. flour, 1 tsp. baking powder, 1/8 tsp. salt, 3/4 c. milk, 1 1/2 c. canned tart cherries (reserve the juice), 1/4 c. cherry juice"
427,"1 c. sugar, 3 level Tbsp. cornstarch, 1 (9-inch) pie crust, baked, 1 pt. raw strawberries, 1 c. water"
428,"1 large pkg. spinach noodles, cooked in broth, 1 c. chopped celery, 1 large green pepper, chopped, 1 large onion, chopped, 6 chicken breasts, boiled (save 1 c. broth for mixture), 1/2 lb. Velveeta cheese, mushrooms (optional), 1 can mushroom soup"
429,"1 lb. hamburger, onion, 1 doz. corn tortillas, green chili, 2 small cans tomato sauce, 1 can evaporated milk, Cheddar cheese, grated"
430,"1/2 c. (1 stick) unsalted butter, 2 c. all-purpose flour, 1/4 c. sugar, pinch of salt"
431,"1/3 c. sugar, 3/4 tsp. salt, 3/4 tsp. pepper, 1 Tbsp. celery seed, 1 Tbsp. prepared mustard, 1/4 c. apple cider vinegar, 1 c. mayonnaise, 1 clove garlic, cabbage"
432,"1/2 lb. Cheddar cheese, shredded, 1 stick oleo, 1 c. flour, 1/4 tsp. paprika, 1/4 tsp. salt, dash of cayenne pepper (optional)"
433,"1 lb. ground beef, 1/4 c. minced onion, 1/2 tsp. salt (optional), 8 oz. tomato sauce, 1 tsp. Italian seasoning, 2 cans refrigerated biscuits (10 count), 1/2 to 3/4 c. grated cheese"
434,"pastry for double pie crust, 6 c. thinly sliced cooking apples, 1 Tbsp. lemon juice (optional), 1 c. sugar, 2 Tbsp. all-purpose flour, 1 tsp. ground cinnamon, dash of ground nutmeg, 1 Tbsp. butter or margarine"
435,"1 box Duncan Hines strawberry supreme cake mix, juice from 1 box frozen strawberries, 4 eggs, 1 c. Crisco, 1/2 c. water, 1 (3 oz.) box strawberry jello"
436,"1 1/2 lb. ground beef, 1 box croutons (garlic and onion), 1/4 c. chopped onion, 2 eggs, salt and pepper to taste, 1 (10 oz.) jar grape jelly, 1 (10 oz.) bottle chili sauce"
437,"1 lb. calf liver, thinly sliced, cut in serving pieces, 1/4 c. flour, 1/2 tsp. salt, 1/8 tsp. pepper, 1/2 c. onion, chopped, 1/4 tsp. basil, 3 Tbsp. butter or margarine, 1 c. mushrooms, sliced, 1 cube beef bouillon, 1/2 c. water (boiling), 1/2 c. dry red wine"
438,"1 c. oleo, 1 c. sour cream, 3 c. sugar, 5 eggs, 3 c. plain flour, 1/2 tsp. baking powder, 1/4 tsp. baking soda, 1/4 tsp. salt, 1/2 c. milk, 2 tsp. vanilla"
439,"4 (15 oz.) cans Great Northern white beans, 3/4 lb. bacon, cooked and cut in pieces, 3/4 to 1 c. ketchup, 1 c. white sugar"
440,"6 eggs, 1 1/2 c. sugar, 1 can evaporated milk, 1 Tbsp. milk, milk"
441,"1 (8 oz.) cream cheese, 1 c. margarine, 2/3 c. sugar, 1/2 tsp. vanilla, 2 1/2 c. flour, dash of salt"
442,"2 lb. hamburger meat, browned, 1 medium chopped onion, 1 pkg. (dry) Hidden Valley Ranch dressing mix, 1 pkg. taco seasoning mix, 1 can whole kernel corn, 1 can red kidney beans, 1 can pinto beans, 1 small can chopped chilies, 3 cans stewed tomatoes"
443,"1 (No. 303) can fruit cocktail (juice also), 1 1/2 c. sugar, 2 eggs, 1 tsp. vanilla, 2 tsp. soda, 1 tsp. cinnamon, 2 c. flour, 1/2 c. brown sugar, 1 c. pecans, chopped"
444,"1 c. butter flavor Crisco, 1/2 c. sugar, 1 egg, 3/4 tsp. salt, 3/4 tsp. vanilla, 1/2 tsp. almond extract, 2 1/4 c. all-purpose flour"
445,"1/4 c. butter or margarine, softened, 1 c. sugar, 3 eggs, beaten, 1/2 c. orange juice, 1 tsp. lemon extract, dash of salt, 1 c. flaked coconut, 1 (9-inch) pie crust, unbaked"
446,"2 sticks butter (real), 3 c. sugar, 3 c. flour, 6 eggs, 1 tsp. vanilla, 1/4 tsp. baking soda, 1/2 pt. sour cream"
447,"1 c. instant rice, 1 can cream of mushroom soup, 1 can cream of chicken soup, 1 can cream of celery soup, 4 chicken breasts"
448,"1 c. thinly sliced carrots, 1 c. sliced celery, 1/2 c. chopped onions, 1 clove garlic, minced, 2 Tbsp. margarine, 2 cans (15 oz.) Chef Boyardee Beefogetti, 1 can chickpeas, drained, 2 c. water, 2 beef bouillon cubes, 1/2 tsp. salt, 1/4 tsp. crushed basil, 1/4 tsp. pepper, Parmesan cheese"
449,"1 pkg. yellow cake mix, 2 Tbsp. oil, 2 (8 oz.) pkg. cream cheese, 1/2 c. sugar, 4 eggs, 1 1/2 c. milk, 3 Tbsp. lemon juice, 3 Tbsp. vanilla, 1 can cherry pie filling"
450,"1/2 c. vinegar, 1/2 c. sugar, 1/3 c. oil"
451,"1 large pkg. cream cheese, 1 can Hormel chili, 2 c. shredded Cheddar cheese"
452,"2 pkg. refrigerator rolls, 1/2 c. melted margarine or butter, 3/4 c. sugar, 1 tsp. cinnamon"
453,"3 eggs, separated, 4 Tbsp. cornstarch, 2 c. milk, 2 Tbsp. butter, 1 1/2 c. sugar, 1 Tbsp. coconut flavoring, 1 unbaked pie shell"
454,"1 chocolate cake mix, 2 (8 oz.) containers Cool Whip, 2 envelopes Dream Whip, 2 pkg. chocolate Jell-O instant pudding, 3 c. cold milk, 4 Heath bars (optional)"
455,"1 c. corn meal, 2 Tbsp. brown sugar, 3/4 tsp. baking soda, 2 eggs, well beaten, 1 1/2 c. sour milk, 1 c. flour, 1 tsp. salt, 1 tsp. baking powder, 1/4 c. melted bacon fat"
456,"1 lb. ground beef, 1 onion, chopped, 1 1/2 c. salsa sauce, 1 chicken bouillon cube, 1 can tomato sauce, 1 1/2 c. Minute rice"
457,"1 devil's food cake mix, 1 can cherry pie filling, 1/4 c. oil, 3 eggs"
458,"1 c. sugar, 1 c. light Karo syrup, 1 c. peanut butter, 1/4 stick oleo, 1 Tbsp. vanilla, 6 to 8 c. cornflakes"
459,"1 (16 oz.) can solid pack pumpkin, 1 (13 oz.) can evaporated skim milk, 1 egg, 2 egg whites, 1/2 c. biscuit mix (Bisquick type), 2 Tbsp. sugar, 6 packets sugar substitute, 2 tsp. pumpkin pie spice, 2 tsp. vanilla"
460,"2 c. zucchini, shredded, 1/2 c. onion, chopped, 1 clove garlic, 1/2 c. grated Parmesan, 1/2 c. oil, 2 Tbsp. dried parsley, 1/2 tsp. salt, 1/2 tsp. seasoned salt, 1/2 tsp. oregano, 2 eggs, slightly beaten"
461,"1 stick butter, 1 c. Crisco, 3 c. sugar, 6 eggs, 3 c. plain flour, 1/2 tsp. baking powder, 1 c. sweet milk, 1 tsp. vanilla"
462,"20 (about) graham crackers, 2 (4 oz.) pkg. vanilla instant pudding mix, 3 1/2 c. milk, 8 oz. whipped topping, 2 pkg. Choco-bake, 2 tsp. light corn syrup, 2 tsp. vanilla, 3 Tbsp. margarine, softened, 1 1/2 c. confectioners sugar, 3 Tbsp. milk"
463,"2 c. butter, 1 c. sugar, 4 tsp. vanilla, 4 c. flour, 1 tsp. salt, 4 c. finely chopped walnuts, confectioners sugar"
464,"1 c. water, 2 c. sugar, 1 qt. ginger ale, 1 pkg. Kool-Aid (any flavor), 1/2 c. lemon juice, 2 c. pineapple juice, 10 c. water"
465,"1/2 c. onions, chopped, 2 Tbsp. butter, 2 Tbsp. flour, 1 tsp. salt, 1/2 tsp. paprika, dash of black pepper, 3/4 c. milk, 1 can whole kernel corn, 1 egg, slightly beaten, breadcrumbs"
466,"1 pkg. black cherry or cherry Kool-Aid, 1 small box Jell-O (same flavor), 2 qts. warm water, 1 can pineapple juice, 1 can frozen lemonade, 1 cup sugar, 2 liters 7-up"
467,"3 whole large chicken breasts, skinned, boned and halved lengthwise, 6 thin slices boiled ham, 6 slices process Swiss cheese, 1 medium tomato, peeled, seeded and chopped, crushed dried sage, 1/3 c. fine dry bread crumbs, 2 Tbsp. grated Parmesan cheese, 2 Tbsp. snipped parsley, 1/4 c. butter, melted"
468,"1 c. shortening, 3/4 c. brown sugar, 3/4 c. white sugar, 1 1/2 c. sifted flour, 1 tsp. soda, 2 eggs, beaten, 1 tsp. hot water, 1 tsp. vanilla, 1 tsp. salt, 2 c. oatmeal, 1 c. chopped nuts, 1 pkg. Toll House chocolate chips or butterscotch chips"
469,"12 tortillas, 1 chicken, cooked and boned, 1 can cream of chicken soup, 1 can cream of mushroom soup, 1 c. sour cream, 1 c. picante sauce, onion to taste, Cheddar cheese"
470,"1 to 1 1/2 lb. stew meat, 1 can mushrooms, 1 large can chop suey vegetables, 1 medium onion, 1 c. soy sauce"
471,"1 (8 oz.) pkg. crescent rolls, 2 (8 oz. each) pkg. cream cheese, softened, 1 c. mayonnaise, 1/2 (10 oz.) pkg. Hidden Valley Ranch mix, 4 c. finely chopped raw vegetables (cauliflower, broccoli, carrots, green onions, etc.)"
472,"1/4 c. sugar, 2 tsp. cinnamon, 2 slices white or whole wheat bread, soft margarine or butter"
473,"1 can cherry pie filling, 1 large can drained, crushed pineapple, 1 can Borden milk, 3/4 c. chopped pecans, 1 (8 oz.) Cool Whip"
474,"3 pkg. yeast, 1/2 cup sugar, 2 cups warm water, 2 eggs, 3 Tbsp. oleo, 1 tsp. salt, 6-7 cups flour"
475,"6 lb. hamburger, salt and pepper, 1 medium white onion, 1/2 green pepper, 1 stalk celery, 1 (20 oz.) can tomato soup"
476,"1 Tbsp. cornstarch, 2 Tbsp. soy sauce, 1/4 tsp. ground ginger, 1 (10 1/2 oz.) can chicken broth, 1 carrot, cut into julienne strips, 2 Tbsp. vegetable oil, 2 c. sliced mushrooms, 4 green onions, minced, 1 stalk celery, diagonally sliced, 1 (6 oz.) pkg. snow peas, thawed, 2 c. coarsely chopped, cooked turkey breast, 2 c. brown rice, cooked, 2 Tbsp. slivered almonds, toasted"
477,"1 large mango or 2 small, 2 medium tomatoes, 1 large leek or 2 scallions (green onions), lemon juice with pulp, 2 tsp. safflower oil, pinch of dry mustard"
478,"2 cans crescent rolls, 2 large pkg. cream cheese, softened, 1/2 c. mayo (not Miracle Whip), 1/2 c. Ranch dressing"
479,"2 lb. pork sausage, 2 c. white Minute rice, 1 green pepper, chopped fine, 2 large onions, chopped fine, 1 bunch celery, chopped fine, 3 1/2 oz. chopped almonds, 2 dry packs Lipton noodle soup"
480,"7 c. water, 3 c. vinegar, 1/2 c. salt, 1/2 c. sugar"
481,"3 to 4 c. okra, salt and pepper, flour, oil, 2 c. ground beef, chicken breast or ham, 3/4 c. green bell peppers, sliced, 1 small jalapeno pepper, chopped (optional), 1 medium onion, sliced thin, 1 medium carrot or 3/4 c. thinly sliced, 3/4 stick butter, 1 can stewed tomatoes, salt and pepper to taste"
482,"2 c. sugar, 1/3 c. cocoa, 1/2 c. milk, 1 stick oleo, 1 tsp. vanilla, 1/2 c. peanut butter, 3 c. quick oats"
483,"2 c. flour, sifted, 1 tsp. soda, 1 tsp. salt, 2 c. sugar, 1 tsp. cinnamon, 1 1/2 c. oil, 4 eggs, 2 c. grated carrots, 1 c. nuts"
484,"1 c. rice, cooked, 1/2 c. summer squash, sliced, 1/2 c. zucchini, sliced, 1/4 c. onions, chopped, 1/2 c. mushrooms, sliced, 1/2 c. fresh tomato, chopped, 1 tsp. garlic, chopped, 1/2 tsp. basil, lemon pepper and salt to taste"
485,"2 c. flour, 2 tsp. baking powder, 1/2 tsp. baking soda, 3 eggs, 1/4 c. buttermilk, salt to taste, 1 pt. oysters (reserve juice)"
486,"2 c. flour, 6 tsp. baking powder, 1 tsp. cinnamon, 1 c. sugar, 1 tsp. salt, 2 beaten eggs, 1 c. milk, 1/2 c. melted oleo or butter"
487,"1 box crust mix, flour, butter or margarine, softened, brown sugar, cinnamon"
488,"1 lb. ground lean beef, 1 large onion, chopped, 1 can cream of mushroom soup, 1 can mixed vegetables (partially drained), Tater Tots as needed"
489,"4 slices bacon, 1 (16 oz.) pkg. cornbread mix, 2 eggs, beaten, 1 (15 oz.) can cream-style corn, 3/4 c. Kraft mayonnaise, 1 c. (4 oz.) shredded Swiss or Cheddar cheese"
490,"4 c. Rice Krispies, 1 tsp. paprika, 1 egg, 3/4 c. milk, 3/4 c. all-purpose flour, 1 1/2 tsp. salt, 1/4 tsp. pepper, 1 tsp. poultry seasoning, 3 Tbsp. margarine, melted, 3 lb. frying chicken pieces, cleaned and patted dry"
491,"4 skinless, boneless chicken breast halves (about 3 oz. each), vegetable cooking spray, 3 Tbsp. grated Parmesan cheese, 1/2 c. dry bread crumbs, 1 tsp. dried thyme, 1/4 tsp. garlic powder, 1/4 tsp. onion powder, 1/4 tsp. ground black pepper, 1/4 tsp. salt (optional), 3/4 c. nonfat buttermilk"
492,"1 qt. sauerkraut, drained, 1 c. green bell pepper, chopped, 1 c. celery, chopped, 1 (4 oz.) jar pimento, 1 medium onion, chopped, 1/2 c. vinegar, 1 1/2 c. sugar, 2 Tbsp. oil"
493,"2 lb. ground lean beef, 1 1/2 c. grated raw carrot, 1/4 c. grated unpeeled apple, 1 1/2 c. grated raw potato, 1 onion, quartered and studded with 4 cloves, 6 slices fried bacon, crumbled, 2 beaten eggs, 2 1/4 tsp. salt, 1/2 tsp. pepper, 1/8 tsp. nutmeg, 1/8 tsp. dry mustard, 2 c. sour cream"
494,"1 box Stove Top stuffing or homemade stuffing, 1 medium green pepper (optional), 1/4 c. hot water, 1 can cream of mushroom soup, 8 boneless chicken breasts, garlic salt, pepper, paprika"
495,"1/2 c. graham cracker crumbs, 1 c. crunchy peanut butter, 1 box confectioners sugar, 2 sticks butter or margarine, 2 oz. paraffin, chocolate chips"
496,"1 lb. ground beef, 1/2 lb. ground pork, 1 1/2 tsp. salt, 1/4 tsp. pepper, 1/2 tsp. sage, 1 egg, beaten, 1/2 c. corn meal, 1/2 c. chopped onion, 1/4 c. diced green pepper, 1/2 c. cream-style corn, 1 1/4 c. canned tomatoes"
497,"1 (8 oz.) and 1 (3 oz.) pkg. Philadelphia cream cheese, 1/2 c. white wine, 1 lb. crabmeat, 1/8 tsp. garlic powder"
498,"1 to 1 1/2 lb. ground beef, 1/2 c. chopped onion, 2 cans (8 oz.) tomato sauce, 1 c. water, 1 (7 oz.) pkg. macaroni, 1/2 c. chopped green pepper, 2 Tbsp. Worcestershire sauce, 1 tsp. salt, 1/4 tsp. pepper, 1 1/2 Tbsp. chili powder"
499,"1 lb. ground beef, 1 pkg. dry onion soup mix, 1/2 tsp. ginger, 3 c. medium noodles, 1 (3 oz.) can sliced mushrooms, 3 c. hot water, 2 Tbsp. flour, 1 c. sour cream"
