0,Brown Sugar
0,Milk
0,Vanilla
0,Nuts
0,Butter
0,Bite Size Shredded Rice Biscuits
1,Beef
1,Chicken Breasts
1,Cream Of Mushroom Soup
1,Sour Cream
2,Frozen Corn
2,Cream Cheese
2,Butter
2,Garlic Powder
2,Salt
2,Pepper
3,Chicken
3,Chicken Gravy
3,Cream Of Mushroom Soup
3,Shredded Cheese
4,Peanut Butter
4,Graham Cracker Crumbs
4,Butter
4,Powdered Sugar
4,Chocolate Chips
5,Baking Potatoes
5,Extra Lean Ground Beef
5,Butter
5,Milk
5,Salt
5,Pepper
5,Cheddar Cheese
5,Bacon
5,Green Onion
5,Sour Cream
6,Sugar
6,Butter
6,Egg
6,Buttermilk
6,Flour
6,Salt
6,Soda
6,Buttermilk
6,Rhubarb
6,Vanilla
7,Cream-Style Corn
7,Whole Kernel Corn
7,Crackers
7,Egg
7,Butter
7,Pepper
8,Tomatoes
8,Water
8,Onions
8,Worcestershire Sauce
8,Green Peppers
8,Oil
9,Pineapple
9,Condensed Milk
9,Lemons
9,Pecans
9,Graham Cracker Crusts
10,Dark Sweet Pitted Cherries
10,Ginger Ale
10,Flavor Gelatin
10,Boiling Water
10,Almond Extract
10,Marshmallows
11,Powdered Sugar
11,Butter
11,Peanut Butter
11,Paraffin
11,Chocolate Chips
12,Chicken
12,Flour
12,Barbecue Sauce
13,Taco Sauce
13,Sour Cream
13,Cream Cheese
13,Ground Beef
13,Taco Seasoning
13,Shredded Lettuce
13,Tomato
13,Onion
13,Green Pepper
13,Cheddar Cheese
14,Pie Filling
14,Pineapple
14,Condensed Milk
14,Lemon Juice
15,Shell
15,Cleaned Strawberries
15,Water
15,Cornstarch
15,Sugar
15,Salt
15,Strawberry Jello
16,Chocolate Fudge Cake
16,White Cake
16,Wesson Oil
17,Broccoli
17,Bacon
17,Green Onions
17,Raisins
17,Mayonnaise
17,Vinegar
17,Sugar
18,Frozen Strawberries
18,Pineapple
18,Bananas
18,Pecans
18,Strawberry
18,Boiling Water
18,Sour Cream
19,Sugar
19,Shortening
19,Applesauce
19,Soda
19,Cinnamon
19,Flour
19,Raisins
19,Nuts
20,Sugar
20,Shortening
20,Eggs
20,Salt
20,Soda
20,Flour
20,Nuts
20,Bananas
21,Cake Mix
21,Chocolate Fudge Pudding
21,Sour Cream
21,Water
21,Wesson Oil
21,Eggs
21,Frango
22,Vegetable Oil
22,Soy Sauce
22,Garlic
23,Tomatoes
23,Oil
23,Garlic
23,Tomato Paste
23,Peppers
23,Sugar
23,Salt
23,Sweet Basil
23,Oregano
23,Italian Seasoning
24,Ground Beef
24,Tomato Juice
24,Oats
24,Egg
24,Onion
24,Pepper
24,Salt
25,Steak
25,Ground Black Pepper
25,Ground White Pepper
25,Vegetable Oil
25,Bell Peppers
25,Beef Stock
25,Salt
25,Ground Red Pepper
25,Flour
25,Onions
25,Celery
26,Long
26,Cooking Oil
26,Tomato Sauce
26,Water
26,Brown Sugar
26,Mustard
26,Worcestershire Sauce
26,Onion
27,Condensed Milk
27,Semi-Sweet Chocolate Chips
27,Unsweetened Chocolate
27,Nuts
27,Vanilla
28,Ground Beef
28,Taco Seasoning
28,Beans
28,Onion
28,Salsa
28,Green Peppers
28,Tomato
28,Cheddar Cheese
28,Sour Cream
29,Milk
29,Sugar
29,Yeast
29,Salt
29,Crisco Oil
29,Flour
30,Peaches
30,Fruit Cocktail
30,Pineapple
30,Fresh Strawberries
30,Red Apples
30,Yellow Apples
30,Bananas
30,White Grapes
30,Purple Grapes
31,Chicken Cutlets
31,Oil
31,Red Vinegar
31,Oregano
31,Garlic Salt
32,Cherry Pie Mix
32,Deluxe White Cake Mix
32,Butter
32,Ground Nuts
33,Eggs
33,Salt
33,Pepper
33,Potatoes
33,Cheddar Cheese
33,Green Onions
34,Macaroni
34,Tuna
34,Pimentos
34,Onion
35,Hearts
35,Mayonnaise
35,Parmesan Cheese
36,Sour Cream
36,Vegetable Soup Mix
36,Broccoli
36,Cheddar Cheese
37,Salad Supreme
37,Italian Dressing
38,Pear Halves
38,Lime Gelatin
38,Cream Cheese
38,Lemon Yogurt
39,Watermelon Rind
39,Sugar
39,Apple Vinegar
39,Oil
39,Oil Of Cinnamon
40,Chicken
40,Potatoes
40,Onions
40,Corn
40,English Peas
40,Peas
40,Butter Beans
40,Tomatoes
40,Tomato Juice
40,Macaroni
40,Black Pepper
40,Salt
40,Sugar
41,Butter
41,Sugar
41,Egg
41,Flour
41,Baking Powder
41,Salt
41,Milk
41,Vanilla
41,Brown Sugar
41,Cinnamon
41,Butter
42,Flour
42,Sugar
42,Baking Powder
42,Yeast
42,Buttermilk
42,Soda
42,Margarine
42,Warm Water
43,Marshmallows
43,Margarine
43,Peppermint Candy
43,Crescent Rolls
44,Yellow Cake Mix
44,Water
44,Brown Sugar
44,Butter
44,Eggs
44,Nuts
45,Flour
45,Sugar
45,Oleo
45,Eggs
45,Chocolate Syrup
46,Flour
46,Beer
46,Sugar
47,Margarine
47,Onion
47,Celery
47,Flour
47,Curry Powder
47,Mushrooms
47,Cream Of Celery Soup
47,Broccoli
47,Chicken
47,Cheese
48,Flour
48,Baking Powder
48,Salt
48,Butter
48,Sugar
48,Egg Yolks
48,Vanilla
48,Multi-Colored Candies
49,Ground Beef
49,Water
49,Sugar
49,Onion Soup
49,Tomatoes
49,Tomato Sauce
49,Frozen Mixed Vegetables
50,Chicken Breasts
50,Cream Of Chicken Soup
50,Cream Of Mushroom Soup
50,Green Chili Salsa Sauce
50,Green Chilies
50,Milk
50,Onion
50,Corn Tortilla
51,Cabbage
51,Carrots
51,Green Pepper
51,Onion
51,Mayonnaise
51,Vinegar
51,Sugar
51,Celery
51,Salt
52,Flounder
52,Tomatoes
52,Green Pepper
52,Lemon Juice
52,Salad Oil
52,Salt
52,Onion
52,Basil
52,Ground Black Pepper
52,Drops Red Pepper Sauce
52,Green Pepper
53,Green Beans
53,Yellow Beans
53,Kidney Beans
53,Sugar
53,Salad Oil
53,Vinegar
53,Water
54,Whole Kernel Corn
54,Cream-Style
54,Sour Cream
54,Corn Bread
54,Margarine
55,Ground Beef
55,Onion
55,Tomato Soup
55,Noodles
55,Oregano
55,Salt
55,Water
55,Cheese
56,Cabbage
56,Dry Mustard
56,Corned Beef
56,Cream Of Celery Soup
56,Onion
57,Worcestershire Sauce
57,Dry Mustard
57,Mayonnaise
57,Egg
58,Cream Cheese
58,Mayonnaise
58,Taco Sauce
58,Green Onions
58,Green Pepper
58,Tomato
58,Mozzarella Cheese
58,Cheddar Cheese
58,Black Olives
58,Tortilla Chips
59,Butter
59,Peanut Butter
59,Graham Cracker Crumbs
59,Coconut
59,Nut Meats
59,Vanilla
60,Orange Sliced Candy
60,Angel
60,Pecans
60,Condensed Milk
60,Vanilla
60,Orange Flavoring
61,Yellow Cake
61,Eggs
61,Oleo
61,Nuts
61,Eggs
61,Cream Cheese
61,Powdered Sugar
62,Pineapple
62,Bananas
63,Cream Of Mushroom Soup
63,Cream Of Chicken Soup
63,Cream Of Celery Soup
63,Chicken
63,Butter
63,Rice
64,Cream Cheese
64,Condensed Milk
64,Pineapple
64,Nuts
64,Lemon Juice
65,Vanilla
65,Cream Cheese
65,Butter
65,Peanut Butter
66,Peaches
66,Sugar
66,Sour Cream
66,Lemon Juice
66,Vanilla
67,Frozen Strawberries
67,Sugar
67,Cream Cheese
68,Margarine
68,Graham Cracker Crumbs
68,Granulated Sugar
69,Flour
69,Baking Soda
69,Salt
69,Shortening
69,Sugar
69,Eggs
69,Cocoa
69,Water
69,Vanilla
69,Milk
70,Apples
70,Raisins
70,Brown Sugar
70,Sugar
70,Shortening
70,Cold Water
70,Flour
70,Soda
70,Cinnamon
70,Nutmeg
70,Cloves
70,Salt
70,Nuts
71,Potatoes
71,Onion
71,Butter
71,Cream Of Chicken Soup
71,Sour Cream
71,Cheddar Cheese
71,Cornflakes
72,Vanilla Wafers
72,Butter
73,Sugar
73,White Corn Syrup
73,Cold Water
73,Egg Whites
73,Vanilla
73,Nuts
74,Apples
74,Sugar
74,Cinnamon
74,Sugar
74,Flour
74,Salt
74,Corn Flake Crumbs
74,Oleo
75,Bisquick
75,Sausage
75,Cheddar Cheese
76,Chicken
76,Cream Of Chicken Soup
76,Consomme
76,Rice
76,Salt
76,Pepper
77,Celery
77,Onions
77,Butter
77,Ground Beef
77,Vinegar
77,Lemon Juice
77,Brown Sugar
77,Mustard
77,Salt
77,Pepper
77,Catsup
77,Water
78,Chicken Broth
78,Cornstarch
78,Egg
78,Green Onion
79,Apple Juice
79,Allspice
79,Whole Cloves
79,Cinnamon
79,Brown Sugar
80,Sesame Seed
80,Grated Ginger
80,Honey
80,Soy Sauce
80,Chicken
80,Vegetable Cooking Spray
80,Thin Green Onion Strips
81,Vidalia Onion
81,Fresh Mushrooms
81,Green Peppers
81,Clove Garlic
81,Olive Oil
81,Bread
81,Eggs
81,Milk
82,Cranberries
82,Sugar
82,Apple
82,Orange
82,Orange Gelatin
82,Nuts
83,Rice
83,Beef Consomme
83,Onion Soup
83,Mushrooms
83,Margarine
84,Cream Cheese
84,Margarine
84,Sugar
84,Cranberry Sauce
84,Pineapple
84,Walnuts
84,Whipping Cream
85,Velveeta Cheese
85,Italian Tomatoes
85,Green Chili Peppers
85,Onion
85,Garlic
85,Salt
86,Flour
86,Salt
86,Soda
86,Sugar
86,Baking Powder
86,Egg
86,Milk
86,Oil
86,Powdered Sugar
87,Confectioners Sugar
87,Cocoa
87,Nuts
87,Margarine
87,Velveeta
87,Vanilla
88,Squash
88,Onions
88,Sour Cream
88,Carrots
88,Chicken
88,Stuffing Mix
88,Butter
88,Salt
89,Cream Cheese
89,Cheddar Cheese
89,Pimento
89,Green Pepper
89,Onion
89,Lemon Juice
89,Worcestershire Sauce
89,Tabasco Sauce
89,Salt
90,Apricot Jello
90,Sugar
90,Cream Cheese
90,Jars Junior Baby Food
90,Pineapple
90,Milk
90,Water
91,Flour
91,Sugar
91,Baking Powder
91,Salt
91,Eggs
91,Margarine
91,Butter
91,Sweet Milk
91,Vanilla
92,Bread
92,Margarine
92,Brown Sugar
92,Vanilla Pudding
92,Milk
92,Cinnamon
93,Crescent Rolls
93,Cheese
93,Hen
93,Cream Of Chicken Soup
93,Milk
94,Spanish Rice
94,Corned Beef
94,Onion
94,Cheddar Cheese
95,Pork
95,Bell Pepper
95,Onions
95,Catsup
95,Brown Sugar
95,Salt
95,Black Pepper
95,Ground Beef
95,Oil
96,Chicken
96,Shortening
96,Onion
96,Carrot Chunks
96,Water
96,Chicken
96,Brown Sugar
96,Cornstarch
96,Ginger
96,Catsup
96,Vinegar
96,Soy Sauce
96,Green Pepper
96,Pineapple
97,Oranges
97,Moist Coconut
97,Pecans
97,Cherries
97,Sugar
97,Orange Juice
98,Peanut Butter
98,Sugar
98,Egg
99,Yellow Cake Mix
99,Eggs
99,Margarine
99,Milk
99,Pecans
100,Flour
100,Soda
100,Salt
100,Sugar
100,Egg
100,Margarine
100,Buttermilk
101,Butter
101,Mushrooms
101,Garlic
101,Zucchini
101,Onion
101,Eggs
101,Ricotta Cheese
101,Shredded Monterey Jack
101,Frozen Spinach
101,Dill Weed
101,Salt
102,Red Cabbage
102,Butter
102,Apples
102,Brown Sugar
102,Vinegar
103,Potatoes
103,Bacon
103,Sugar
103,Flour
103,Salt
103,Pepper
103,Cider Vinegar
103,Water
103,Green Onions
104,Butter
104,Onions
104,Ground Beef
104,Clove Garlic
104,Beef
104,Tomatoes
104,Potatoes
104,Carrots
104,Celery
104,Frozen Green Beans
104,Red Wine
104,Basil
104,Thyme
104,Salt
105,Sugar
105,Sugar
105,Ground Cloves
105,Cinnamon
105,Instant Tea
106,Manwich
106,Hamburg
106,American Cheese
106,Noodles
107,Shortening
107,Butter
107,Sugar
107,Eggs
107,Vanilla
107,Flour
107,Baking Powder
107,Salt
108,Lime
108,Orange
108,Apple
108,Sugar
108,Red Spanish
108,Brandy
108,Triple Sec
108,Club Soda
109,Hamburger
109,Onion
109,Kidney Beans
109,Butter Beans
109,Beans
109,Ketchup
109,Green Chilies
109,Mustard
109,Beef Bouillon
109,Water
109,Honey
109,Bell Pepper
109,Worcestershire Sauce
109,Garlic
110,Cooking Oats
110,Brown Sugar
110,Salad Oil
110,Eggs
110,Salt
110,Almond Extract
111,Chinese Noodles
111,Campbell'S Cream
111,Water
111,Chicken
111,Cashews
111,Celery
111,Onion
111,Peas
111,Soy Sauce
112,Cheddar Cheese
112,Cream Cheese
112,Ham
112,Pimiento
112,Parsley
112,Worcestershire Sauce
112,Onion
113,Cream Cheese
113,Black Olives
113,Armour Dried Beef
113,Green Onions
113,Mushrooms
114,Shells
114,Chicken
114,Broccoli Flowerets
114,Cauliflower
114,Carrots
114,Green Onions
114,Fresh Mushrooms
114,Italian Salad Dressing
114,Milk
114,Salt
115,Frozen Artichoke
115,Water
115,Zucchini
115,Fresh Mushrooms
115,Green Onion
115,Garlic
115,Margarine
115,Tomatoes
115,Parmesan Cheese
116,Ground Chuck
116,Shortening
116,Tomatoes
116,Tomato Sauce
116,Salt
116,Sugar
116,Garlic
116,Egg Noodles
116,Sour Cream
116,Cream Cheese
116,Green Onions
116,Grated Cheese
117,Chunk White Chicken
117,Celery
117,Almonds
117,Water Chestnuts
117,White Grapes
117,Salt
117,Pepper
117,Lemon Juice
117,Curry Powder
117,Nonfat Mayonnaise
118,Margarine
118,Sugar
118,Meal
118,Vinegar
118,Eggs
118,Salt
118,Vanilla
119,Vermicelli
119,Bell Pepper
119,Zucchini
119,Purple Onion
119,Salad Supreme Seasoning
120,Cucumbers
120,White Vinegar
120,Salt
120,Sugar
120,Onion
120,Dill
121,Chicken
121,Cream Of Mushroom Soup
121,Cream Of Chicken Soup
121,Tomatoes
121,Your Choice
121,Spaghetti
121,Steak Seasoning
122,Cream Cheese
122,Sharp Cheese
122,Mayonnaise
122,Worcestershire Sauce
122,Garlic Salt
122,Celery Salt
122,Onion Salt
122,Pimento
122,Olives
122,Parsley Flakes
122,Beef
123,Pistachio Pie Filling
123,Pineapple
123,Marshmallows
124,Egg
124,Milk
124,Vegetable Oil
124,Flour
124,Sugar
124,Baking Powder
124,Salt
124,Blueberries
125,Flour
125,Margarine
125,Pecans
125,Cream Cheese
125,Powdered Sugar
125,Instant Vanilla Pudding
125,Milk
126,Water
126,Butter
126,Sugar
126,Flour
126,Eggs
127,Cream-Style Corn
127,Eggs
127,Onion
127,Crackers
127,Salt
128,Ground Beef
128,Onion
128,Beans
128,Kidney Beans
128,Yellow Lima Beans
128,Green Baby
128,Brown Sugar
128,Syrup
128,Chili Powder
128,Ketchup
128,Mustard
128,Salt
129,Cake
129,Apricot Nectar
129,Sugar
129,Cornstarch
129,Walnuts
130,Cake Mix
130,Cream Cheese
130,Alfalfa Honey
130,Almonds
131,Rice
131,Onion Soup
131,Cream Of Chicken
131,Mushrooms
131,Bite
132,Mayonnaise
132,Romano Cheese
132,Artichokes
133,Butter
133,Onions
133,Beef Stock
133,Chicken Stock
133,Worcestershire Sauce
133,Bay Leaf
133,Garlic Salt
133,Black Pepper
133,Salt
134,Apples
134,Sugar
134,Flour
134,Cinnamon
134,Salt
135,Hamburger
135,Ketchup
135,Worcestershire Sauce
135,Mustard
135,Sugar
135,Salt
136,Flour
136,Sugar
136,Eggs
136,Butter
136,Lemon Flavor
136,Yellow Food Coloring
137,Corned Beef
137,Cream Cheese
137,Mayonnaise
137,Pickles
137,Onion
137,Horseradish
137,Worcestershire Sauce
137,Pickle Juice
138,Sugar
138,Milk
138,Cocoa
138,Flour
138,Egg Yolks
138,Clump
138,Vanilla
138,Boiling Water
139,Tater
139,Ground Beef
139,Onion
139,Bell Pepper
139,Cream Of Mushroom Soup
139,Cream Of Celery Soup
139,Cream Of Chicken Soup
139,Grated Cheese
140,Sugar
140,Cornstarch
140,Water
140,Flavored Gelatin
140,Fresh Blackberries
140,Pastry Shell
141,Coconut
141,Margarine
141,Slivered Almonds
141,Milk
141,Graham Cracker Crusts
141,Cream Cheese
141,Caramel Topping
142,Miracle
142,Sour Cream
142,Onion
142,Parsley Flakes
142,Dill Weed
143,Onion
143,Oil
143,Frozen Broccoli
143,Margarine
143,Mix
143,Eggs
143,Cottage Cheese
144,Onion
144,Potato
144,Green Sweet Peppers
144,Celery
144,Carrots
144,Macaroni
144,Ground Turkey
144,Beans
144,Bay Leaf
144,Italian Seasoning
144,Sweet Peas
144,Tomato Juice
145,Cocoa
145,Oleo
145,Flour
145,Sugar
145,Baking Soda
145,Salt
145,Eggs
145,Vanilla
145,Water
145,Buttermilk
146,Butter
146,Graham Cracker Crumbs
146,Milk
146,Semi-Sweet Chocolate Chips
146,Flaked Coconut
146,Nuts
147,Sugar
147,Brown Sugar
147,Milk
147,Butter
147,Pecans
147,Coconut
148,Chocolate Pudding
148,Vanilla Wafers
148,Pecans
149,White Sugar
149,Butter
149,Milk
149,Chocolate Chips
149,Vanilla
150,Unflavored Gelatine
150,Milk
150,Eggs
150,Pumpkin
150,Cinnamon
150,Ginger
150,Salt
150,Pie Shells
151,Eggs
151,Sugar
151,Ground Nutmeg
151,Orange Juice
151,Cream
151,Vanilla
152,Cereal
152,Chocolate Chips
152,Powdered Sugar
152,Peanut Butter
152,Margarine
152,Vanilla
153,Yellow Hominy
153,Olives
153,Green Chilies
153,Tamales
153,Cheddar Cheese
153,Onions
154,Beans
154,Guacamole Dip
154,Sour Cream
154,Mayonnaise
154,Taco Seasoning
154,Mozzarella Cheese
154,Cheddar Cheese
154,Green Onions
155,Water
155,Cake Yeast
155,Salt
155,Eggs
155,Sugar
156,Chicken
156,Cream Of Mushroom Soup
156,Chicken Broth
156,Peas
156,Onion
156,Oleo
156,Milk
156,Baking Powder
156,Flour
157,Chicken
157,Olive
157,Green Onions
157,Clove Garlic
157,Arborio
157,Oregano
157,Salt
157,Black Pepper
157,Spinach
157,Parmesan Cheese
158,Oil
158,Eggplant
158,Onions
158,Cauliflower
158,Green Pepper
158,Fresh Parsley
158,Mushrooms
158,Garlic
158,Italian Tomatoes
158,Bay Leaf
158,Basil
158,Oregano
158,Thyme
158,Marjoram
158,Rosemary
158,Salt
158,Red
159,White Cake Mix
159,+
159,Pistachio Instant Pudding
159,Ginger Ale
159,Eggs
159,Pecans
159,Cool Whip
159,Milk
159,Pistachio Instant Pudding
160,Flour
160,Walnuts
160,Eggs
160,Sugar
160,Allspice
160,Oil
161,Cranberry Juice
161,Ginger Ale
161,O
161,Boiling Water
161,Frozen Lemonade
161,Cold Water
162,Sweet Potatoes
162,Butter
162,Sugar
162,Eggs
162,Nutmeg
163,Sugar
163,Crisco Oil
163,Eggs
163,Flour
163,Sweet Milk
163,Vanilla Flavor
163,Butternut Flavor
164,Flour
164,Sugar
164,Baking Soda
164,Ground Cinnamon
164,Salt
164,Carrots
164,Raisins
164,Coconut
164,Pecans
164,Pineapple
164,Vegetable Oil
164,Eggs
164,Vanilla
165,Wild Rice
165,Condensed Cream
165,Onion Soup
165,Mushrooms
165,Water
165,Chicken Breasts
165,Butter
165,Cornflake Crumbs
166,Green Pepper
166,Onion
166,Bacon Drippings
166,Flour
166,Salt
166,Sugar
166,Paprika
166,Tomatoes
166,Green Peas
167,Eggs
167,Bananas
167,Butter
167,Sugar
167,Flour
167,Soda
167,Cream Of Tartar
167,Nuts
168,Bisquick
168,Beef Hash
168,Mustard
168,Salt
169,Hash Browns
169,Margarine
169,Salt
169,Pepper
169,Onion
169,Cream Of Mushroom Soup
169,Sour Cream
169,Grated Sharp
170,Flour
170,Baking Powder
170,Sugar
170,Salt
170,Cream Of Tartar
170,Butter
170,Egg
170,Milk
171,Lean Hamburger
171,Ricotta Cheese
171,Lasagne Noodles
171,Mozzarella Cheese
172,New Potatoes
172,Onions
172,Stalks Celery
172,Cider Vinegar
172,Hot Bacon
172,Bacon
172,Salt
172,Parsley
173,Eggs
173,Milk
173,Vanilla
173,Butter
173,Sugar
173,Flour
173,Coconut
174,Ground Beef
174,Flour
174,Salt
175,Flour
175,Baking Powder
175,Salt
175,Sugar
175,Egg
175,Milk
175,Butter
176,Egg
176,Light Brown Sugar
176,Vanilla
176,Pecans
177,Ground Beef
177,Sauce
177,Mozzarella Cheese
177,Mushrooms
177,Biscuit Mix
177,Milk
177,Eggs
178,Semi-Sweet Chocolate Chips
178,Condensed Milk
178,Chocolate Wafers
178,Nuts
179,Broccoli
179,Mushroom Soup
179,Mayonnaise
179,Egg
179,Onion
179,Salt
180,Flour
180,Baking Powder
180,Almond Extract
180,Nuts
180,Maraschino Cherries
180,Sugar
180,Salt
180,Eggs
180,Dates
180,Semi-Sweet Chocolate Chips
181,Hamburger
181,Oil
181,Onion
181,Celery
181,Rice
181,Cream Of Mushroom Soup
181,Cream Of Chicken Soup
181,Water
181,Soy Sauce
181,Pepper
181,Noodles
182,Butter
182,Sugar
182,Water
182,Almonds
182,Chocolate
182,Almonds
183,Peppers
183,Onion
183,Garlic Powder
183,Ground Beef
183,Rice
183,Egg
183,Salt
184,Eggs
184,Yellow Cake Mix
184,Water
184,Oil
185,Butter
185,Peanut Butter
185,Brown Sugar
185,White Sugar
185,Egg
185,Vanilla
185,Flour
185,Baking Soda
185,Salt
185,Butter
186,Eggs
186,Milk
186,Mustard
186,Salt
186,Onion Powder
186,Pepper
186,Croutons
187,Margarine
187,Egg
187,Cinnamon
187,Ground Cloves
187,Salt
187,Pecans
187,Brown Sugar
187,Flour
187,Baking Soda
187,Ground Nutmeg
187,Raisins
187,Applesauce
188,Flour
188,Eggs
188,Water
189,Margarine
189,Milk
189,Sugar
189,Marshmallows
189,Baking Chocolate
189,Milk Chocolate
189,Semi-Sweet Chocolate
189,Vanilla
189,Nuts
190,Eggs
190,Flour
190,Salt
190,Sugar
190,Baking Powder
190,Chocolate Chips
190,Nuts
190,Candied Cherries
191,Butter
191,Confectioners Sugar
192,All-Purpose
192,Cocoa
192,Sugar
192,Eggs
192,Margarine
192,Salt
192,Vanilla
192,Nuts
192,Cream
193,Water
193,Margarine
193,Flour
193,Eggs
193,Vanilla Instant Pudding
193,Milk
193,Cream Cheese
193,Chocolate Syrup
194,Nonfat Plain Yogurt
194,Heavy Cream
194,Mandarin Juice
195,Cocoa
195,Butter
195,Powdered Sugar
195,Milk
195,Vanilla
195,Peanut Butter
196,Olive Oil
196,Garlic Powder
196,Bread
196,Thyme
196,Marjoram
196,Paprika
196,Parmesan Cheese
197,Pineapple
197,Mandarin Oranges
197,Grapes
197,Marshmallows
197,Strawberries
197,Apples
197,Lemon Juice
197,Orange Juice
197,Cornstarch
197,Sugar
197,Bananas
197,Nuts
198,Strawberries
198,Water
198,Salt
198,Sugar
198,Cornstarch
198,Cinnamon
198,Butter
199,Sugar
199,Eggs
199,Milk
199,Cornstarch
199,Vanilla
199,Ground Cinnamon
199,Pie Shell
200,Chicken Broth
200,Eggs
200,Chicken
200,Salt
200,Flour
200,Water
201,Beef Brisket
201,Catsup
201,Water
201,Onion
201,Cider Vinegar
201,Horseradish
201,Mustard
201,Salt
201,Pepper
202,Tapioca
202,Water
202,Sugar
202,Water
202,Orange Juice
202,Oranges
202,Peach Slices
202,Strawberries
202,Bananas
202,Lime Sherbet
203,Corn Meal
203,Flour
203,Sugar
203,Salt
203,Baking Soda
203,Egg
203,Buttermilk
203,Bacon Fat
204,Pork Roast
204,Sherry
204,Mustard
204,Thyme
204,Soy Sauce
204,Garlic
204,Ginger
205,Pork Tenderloin
205,Oil
205,Garlic
205,Green Chilies
205,Tomatoes
205,Water
205,Cornstarch
205,Garlic Salt
206,Egg
206,Yeast
206,Flour
206,Water
206,Sugar
207,Flour
207,Baking Soda
207,Brown Sugar
207,Milk
207,Vanilla
207,Cornflakes
207,Chocolate
207,Salt
207,Butter
207,Sugar
207,Egg
207,Vegetable Oil
207,Oats
208,Lemon Juice
208,Honey
208,Clove Garlic
208,Rosemary
208,Water
208,Onion
208,Flax Seed
208,Parsley
209,No
209,Bananas
209,Marshmallows
209,Pecan Pieces
209,Pineapple
210,Milk
210,Heavy Cream
210,Egg Yolks
210,Sugar
210,Cornstarch
210,Vanilla
210,Butter
210,Bananas
211,Olive Oil
211,Lemon Juice
211,Salt
211,Pepper
211,Sugar
211,Cheese
211,Onions
212,Graham Cracker Crumbs
212,Butter
212,Cinnamon
212,Sugar
212,Cream Cheese
212,Milk
212,Sugar
212,Eggs
212,Lemon Juice
213,Sugar
213,Oil
213,Eggs
213,Flour
213,Baking Soda
213,Baking Powder
213,Cinnamon
213,Carrots
213,Nuts
214,Frozen Lemonade Concentrate
214,Orange Juice Concentrate
214,Water
214,Grenadine Syrup
214,Ginger Ale
214,Maraschino Cherries
215,Veg-All
215,Onion
215,Water Chestnuts
215,Grated Cheese
215,Mayonnaise
215,Roll
215,Margarine
216,Ground Beef
216,Crescent Rolls
216,Onion
216,Worcestershire Sauce
216,Lemon Juice
216,Paprika
216,Garlic Powder
216,Salt
216,Pepper
216,Shredded Cheese
216,Egg
217,Sugar
217,Flour
217,Pumpkin
217,Salt
217,Cinnamon
217,Nutmeg
217,Soda
217,Oil
217,Eggs
217,Baking Powder
217,Walnuts
218,Cheddar Cheese
218,Butter
218,Flour
218,Salt
218,Paprika
218,Confectioners Sugar
219,Salsa
219,American Cheese
219,Beans
220,Flour
220,Butter
220,Pecans
220,Sugar
220,Cream Cheese
220,Powdered Sugar
220,Instant Pudding
220,Milk
221,Fritos
221,Ground Beef
221,Onion
221,Mushroom Soup
221,Cream Of Chicken Soup
221,Milk
221,Cheese
222,Flour
222,Baking Soda
222,Salt
222,Butter
222,Sugar
222,Eggs
222,Vanilla
222,Sour Cream
222,Sugar
222,Cinnamon
222,Nuts
222,Apples
223,Sugar
223,Margarine
223,Vegetable Shortening
223,Eggs
223,Cinnamon
223,Flour
223,Cream Of Tartar
223,Baking Soda
223,Salt
223,Sugar
224,Spaghetti
224,Cucumbers
224,Tomatoes
224,Stalks Celery
224,Green Pepper
224,Onions
224,Italian Salad Dressing
224,Salad Supreme
225,Ground Meat
225,Bread
225,Onion
225,Rice
225,Chili Powder
225,Allspice
225,Eggs
225,Salt
225,Green Pepper
225,Tomato Soup
225,Water
225,Chili Powder
226,Corn Muffin
226,Margarine
226,Eggs
226,Egg Whites
226,Sour Cream
226,Broccoli
226,Onion
227,Sweet Onions
227,Egg
227,Water
227,Vegetable Oil
227,Lemon Juice
227,Flour
227,Baking Powder
227,Salt
227,Cayenne Pepper
227,Oil
228,White Lily
228,Mayonnaise
228,Sweet Milk
228,Salt
229,Milk
229,Egg
229,Cracker Crumbs
229,Ground Chuck
229,Onion
229,Salt
229,Dry Mustard
229,Ketchup
229,American Cheese
230,Semi-Sweet Chocolate
230,Condensed Milk
230,Vanilla
230,Salt
230,Nuts
231,Margarine
231,Ground Beef
231,Onion Soup Mix
231,Water
231,Catsup
231,Mustard
231,Vinegar
231,Pork
231,Kidney Beans
232,Brown Sugar
232,Flour
232,Shortening
232,Salt
232,Egg
232,Baking Soda
232,Baking Powder
232,Sour Milk
233,Biscuit Mix
233,Sugar
233,Warm Beer
234,Onion
234,Green Pepper
234,Butter
234,Tomatoes
234,Mushroom Stems
234,Olives
234,Oregano
234,Ground Beef
234,Cheddar Cheese
234,Condensed Cream
234,Water
234,Parmesan Cheese
235,Cooking Apples
235,Sugar
235,Brown Sugar
235,Water
235,Apple Pie Spice
235,Vanilla
235,Butter
236,Twinkies
236,Strawberry Jello
236,Water
236,Frozen Strawberries
236,Vanilla Instant Pudding
237,Chocolate Cake
237,Eggs
237,Butter
237,Cream Cheese
237,Powdered Sugar
237,Vanilla
238,Cream-Style
238,Butter
238,Flour
238,Eggs
238,Sugar
238,Milk
238,Salt
238,Pepper
239,Eggs
239,Honey
239,Sugar
239,Black Coffee
239,Baking Powder
239,Margarine
239,Baking Soda
239,Flour
239,Cinnamon
240,Tomato Paste
240,Water
240,Garlic
240,Chili Powder
240,Lean Ground Beef
240,Green Onions
240,Shredded Monterey Jack Cheese
240,Corn Tortillas
241,Zucchini
241,Tomato Juice
241,Oregano
241,Parsley Flakes
241,Garlic
241,Bell Pepper
241,Onions
241,Salt
241,Chicken
242,Sugar
242,Flour
242,Cheddar Cheese
242,Crackers
242,Pineapple
242,Margarine
243,Chicken
243,Water
243,Salt
243,Potatoes
243,Onion
243,Frozen Limas
243,Corn
243,Tomatoes
243,Salt
243,Butter
244,Cream Cheese
244,Mayonnaise
244,Lemon Juice
244,Green Onions
244,Deli Beef
244,Black Olives
244,Green Bell Pepper
244,Nuts
244,Crackers
245,Carrots
245,Onion
245,Tomato Soup
245,Salt
245,Pepper
245,Sugar
245,Salad Oil
245,Vinegar
246,Eggs
246,Sugar
246,Shortening
246,Salt
246,Baking Powder
246,Vanilla
246,Flour
246,Milk
246,Floured Blueberries
247,Onion
247,Cream Of Chicken Soup
247,Sour Cream
247,Stuffing Mix
247,Butter
248,Chocolate Cake
248,Milk
248,Caramel Sauce
249,Flour
249,Shortening
249,Egg
249,Water
249,Vinegar
249,Sugar
249,Salt
250,Butter
250,Cocoa
250,Sugar
250,Eggs
250,Vanilla
250,Flour
250,Salt
250,Flaked Coconut
251,Mushrooms
251,Sweet Sausage
251,Mozzarella Cheese
251,Bread Crumbs
252,Unsalted Soda Crackers
252,Brown Sugar
252,Butter
252,Chocolate Chips
253,Carrots
253,Celery Stalks
253,Onions
253,Broccoli
253,Mushrooms
253,Salad
253,Water
253,Salt
253,Pepper
253,Sugar
254,Fully Cooked Canadian Bacon
254,Muenster
254,Eggs
254,Milk
254,Pepper
255,Sugar
255,Instant Tea
255,Cinnamon
255,Cloves
255,Salt
256,Cream Cheese
256,Marshmallow Fluff
256,Blueberries
257,Ham
257,Cream Cheese
257,Onion
258,Butter
258,Sugar
258,Pineapple
258,Bread
258,Eggs
258,Milk
258,Cinnamon
258,Sugar
258,Pecans
259,Unflavored Gelatin
259,Cold Water
259,Heavy Cream
259,Salt
259,Vanilla
259,Sugar
260,Margarine
260,Sugar
260,Cocoa
260,Eggs
260,Vanilla
260,Flour
260,Coconut
260,Pecans
261,Eggs
261,Margarine
261,Bisquick
261,Salt
261,Pepper
261,Swiss Cheese
261,Crisp Fried Bacon
261,Onion
261,Basil
261,Marjoram
261,Broccoli
262,Peanut Oil
262,Onion
262,Garlic
262,Chicken Broth
262,Soy Sauce
262,Pepper
262,Carrots
262,Ginger Root
262,Lean Pork
262,Bamboo Shoots
262,Water Chestnuts
262,Frozen Pea Pods
262,Sesame Oil
262,Eggs
263,Frozen Raspberry
263,Honey
263,Fresh Strawberries
263,Blueberries
263,Frozen Raspberries
264,Graham Cracker Crust
264,Condensed Milk
264,Lemon Juice
264,Cherry Pie Filling
264,Cream Cheese
264,Vanilla
265,Bacon Drippings
265,Garlic Salt
265,Onions
265,Pork
265,Regular
265,Beans
265,Catsup
265,Dry Mustard
265,Black Pepper
265,Salt
265,Brown Sugar
265,Vinegar
266,Pumpkin
266,Salad Oil
266,Sugar
266,Flour
266,Eggs
266,Salt
266,Baking Powder
266,Baking Soda
266,Cinnamon
266,Cloves
266,Nutmeg
267,Onions
267,Green Pepper
267,Salad Oil
267,Rice
267,Mushrooms
267,Soy Sauce
267,Eggs
268,Eggs
268,Sugar
268,Flour
268,Milk
268,Oleo
268,Vanilla
269,Clams
269,Garlic
269,Olive Oil
269,Parsley
269,Salt
270,Cranberries
270,Pineapple
270,Sugar
270,Flour
270,Cinnamon
270,Nutmeg
270,Salt
271,Margarine
271,Graham Cracker Crumbs
271,Dream Whip
271,Cream Cheese
271,Sugar
271,Cold Milk
271,Strawberries
272,Commerical Sour Cream
272,Flour
272,Sugar
272,Vanilla Extract
272,Salt
272,Egg
272,Fresh Blueberries
272,Pastry Shell
272,Flour
272,Butter
272,Black Walnuts
273,Frankfurters
273,Butter
273,Campbell'S Chunky
273,Whole Kernel Golden Corn
273,Lima Beans
273,Barbecue Sauce
274,Lemon Jell-O
274,Boiling Water
274,Lemon Juice
274,Cream Cheese
274,Sugar
274,Pineapple
274,Vanilla
274,Graham Crackers
274,Oleo
275,Cake Flour
275,Sugar
275,Egg White
275,Cream Of Tartar
275,Salt
275,Vanilla
275,Almond Flavoring
276,Flour
276,Sugar
276,Oil
276,Baby Food
276,Eggs
276,Cinnamon
276,Allspice
276,Pecans
277,Sugar
277,Margarine
277,Pinto Beans
277,Eggs
277,Vanilla
278,Cake Mix
278,Peanut Butter
278,Oleo
278,Marshmallow Cream
279,Confectioners Sugar
279,Milk
279,Vanilla
279,Coconut
279,Pecans
279,Chocolate
279,Paraffin
280,Head Lettuce
280,Onion
280,Bacon Bits
280,Mayonnaise
280,Swiss Cheese
280,Cauliflower
280,Celery
280,Frozen Peas
280,Sugar
281,Margarine
281,Unsweetened Cocoa
281,Light Corn Syrup
281,Water
281,Vanilla
281,Confectioners Sugar
281,Marshmallows
281,Nuts
282,Eggs
282,Sugar
282,Milk
282,Cream
282,Vanilla
282,Salt
282,Milk
283,Persimmon Pulp
283,Powdered Sugar
283,Graham Cracker Crumbs
283,Peanuts
283,Marshmallows
283,Whipped Cream
284,Light Brown Sugar
284,Eggs
284,Flour
284,Cinnamon
284,Milk
284,Candied Fruit
284,Pecans
285,Chicken
285,Tortillas
285,Onion
285,Green Pepper
285,Mushroom Soup
285,Cream Of Chicken Soup
285,Tomatoes
285,Chili Powder
285,Garlic Salt
285,Cheddar Cheese
286,Cream Cheese
286,Fresh Fruits
286,Powdered Sugar
286,Coconut
287,Butter
287,Flour
287,Boiling Water
287,Vinegar
287,Brown Sugar
287,Salt
287,Pepper
287,Ground Cloves
288,Bacon
288,Potatoes
288,Onion
288,Clams
288,Water
288,Butter
288,Salt
289,Fresh Cranberries
289,Sugar
289,Orange
289,Walnuts
290,Butter
290,Bananas
290,Eggs
290,Salt
290,Cayenne Pepper
290,Milk
290,Parsley
291,Hamburger
291,Onion
291,Taco
291,Kidney Beans
291,Butter Beans
291,Tomatoes
291,Tomato Sauce
291,Tomato Juice
292,Condensed Milk
292,Lemon Juice
292,Sugar
292,Whipped Cream
292,Fruit Yogurt
293,Soy Sauce
293,Oil
293,Red Wine Vinegar
293,Oregano
293,Basil
293,Onion
293,Pepper
294,Yellow Cake
294,Coconut Flavoring
294,Rum Flavoring
294,Coconut
294,Nuts
294,Pineapple
295,Sugar
295,Red Wine Vinegar
295,Oil
295,Soy Sauce
295,Ramen Noodles
295,Walnuts
295,Green Onion
295,Broccoli Florets
295,Romaine Lettuce
296,White Sugar
296,Brown Sugar
296,Margarine
296,Oil
296,Applesauce
296,Soda
296,Salt
296,Eggs
296,Ground Raisins
296,Walnuts
296,Flour
296,Cinnamon
296,Cloves
297,Oil
297,Lemon
297,Egg Yolk
297,Honey
298,Hamburg
298,Onion
298,Salt
298,Pepper
298,Potatoes
299,Apple
299,Flour
299,Sugar
299,Shortening
299,Eggs
299,Salt
299,Baking Soda
299,Vanilla
299,Nutmeg
299,Cinnamon
299,Nuts
300,Brown Rice
300,Mozzarella Cheese
300,Egg
300,Oregano
300,Broccoli Flowerets
300,Zucchini
300,Mushrooms
300,Onion
300,Tomato Sauce
301,Macaroni
301,Ham
301,Frozen Broccoli
301,Clove Garlic
301,Margarine
301,Heavy Cream
301,Parmesan Cheese
302,Onion
302,Bell Peppers
302,Celery
302,Chicken Broth
302,Potatoes
302,Soy Sauce
303,Ground Beef
303,Bread Crumbs
303,Milk
303,Onion
303,Egg
303,Salt
303,Pepper
303,Lard
303,Water
303,Soy Sauce
303,Celery
303,Cornstarch
303,Cold Water
303,Bean Sprouts
303,Mushroom Stems
303,Rice
304,Ground Beef
304,Tomatoes
304,Tomato Soup
304,Onion
304,Water
304,Mixed Vegetables
304,Potatoes
304,Celery
304,Salt
304,Pepper
305,Marshmallows
305,Pineapple
305,Graham Cracker Crumb Crust
306,Vegetable Oil
306,Stalks Celery
306,Cabbage
306,Water Chestnuts
306,N
306,Carrots
306,Onion
306,Zucchini
306,Green Pepper
307,Crackers
307,Margarine
307,Butter
307,Sugar
307,Pecans
308,Bacon
308,Onion
308,Red Cabbage
308,Cooking Apples
308,Wine Vinegar
308,Sugar
308,Salt
308,Currant Jelly
309,Pineapple
309,Mandarin Oranges
309,Maraschino Cherries
309,Sour Cream
309,Marshmallows
309,Flaked Coconut
310,Sugar
310,Margarine
310,Crisco
310,Eggs
310,Cake Flour
310,Sour Cream
310,Vanilla Flavoring
311,Flour
311,Baking Powder
311,Salt
311,Cinnamon
311,Eggs
311,Nuts
311,Pumpkin
311,Soda
311,Sugar
311,Oil
312,Tomato Sauce
312,Brown Sugar
312,Vinegar
312,Onion
312,Salt
312,Garlic Powder
313,Bread
313,Sausage
313,Swiss Cheese
313,Eggs
313,Milk
313,Light Cream
313,Salt
313,Pepper
313,Nutmeg
313,Worcestershire Sauce
314,Onion
314,Green Pepper
314,Ground Beef
314,Pepperoni
314,Mushrooms
314,Spaghetti
314,Mozzarella Cheese
314,Parmesan Cheese
315,Sugar
315,Water
315,Cranberry Juice
315,Pineapple Juice
315,Orange Juice
315,Ginger Ale
316,Flour
316,Oil
316,Eggs
316,Vanilla
316,Sugar
316,Baking Powder
316,Peach Juice From
316,Peaches
317,Oranges
317,Bananas
317,Crushed Ice
317,Applesauce
317,Cinnamon
318,Ground Beef
318,Water
318,Tomato Sauce
318,Bay Leaves
318,Salt
318,Ground Cumin
318,Ground Cinnamon
318,Worcestershire Sauce
318,Vinegar
318,Ground Allspice
318,Chili Powder
319,Cucumbers
319,Onion
319,Butter
319,Tomatoes
319,Salt
319,Pepper
319,Fresh Dill
320,Sugar
320,Flour
320,Egg
320,Crisco
320,Butter
320,Vanilla
320,Milk
321,Brown Sugar
321,Sugar
321,Oil
321,Eggs
321,Baking Powder
321,Salt
321,Flour
321,Cooking Oats
321,Coconut
321,Corn Flakes
321,Chocolate Chips
321,Nuts
322,Eggs
322,All-Purpose
322,Sugar
322,Brown Sugar
322,Butter
322,Chocolate Chips
322,Walnuts
322,Shell
322,Whipped Cream
323,Ground Beef
323,Onions
323,Salt
323,Salt
323,Rolls
324,Cream Cheese
324,Cheddar Cheese
324,Lemon Juice
324,Onion
324,Dry Mustard
324,Soy Sauce
324,Paprika
324,Salt
324,Parsley
325,Flour
325,Oats
325,Brown Sugar
325,Margarine
325,Pumpkin
325,Milk
325,Eggs
325,Sugar
325,Cinnamon
325,Ginger
325,Cloves
325,Walnuts
325,Brown Sugar
325,Butter
326,Shell
326,Butter
326,Sugar
326,Flour
326,Eggs
326,Buttermilk
326,Vanilla
326,Nutmeg
327,Potatoes
327,Eggs
327,Sugar
327,Vanilla
327,Milk
327,Coconut
327,Pastry Shell
328,Broccoli
328,Cauliflower
328,Chicken Broth
328,Butter
328,Onion
328,Flour
328,Milk
328,Cheddar Cheese
328,Black Pepper
329,Wesson Oil
329,Sugar
329,Eggs
329,Fresh Apples
329,Cake Flour
329,Salt
329,Soda
329,Vanilla
330,Sugar
330,Lemon
330,Cloves
330,Cinnamon
331,Butter
331,Onion
331,Ground Beef
331,Salt
331,Pepper
331,Cream-Style
331,Milk
331,Potatoes
332,Flour
332,Shortening
332,Salt
332,Egg
332,Water
332,Vinegar
333,Sugar
333,Milk
333,White Karo Syrup
333,Sugar
334,Chicken
334,Apricot Preserves
334,Salad Dressing
334,Onion Soup
335,Semi-Sweet Chocolate Chips
335,Sweet Chocolate Chips
335,Condensed Milk
335,Vanilla
335,Nuts
336,Dinner Rolls
336,Butterscotch Pudding
336,Butter
336,Cinnamon
336,Brown Sugar
336,Nuts
337,Cream Cheese
337,Salt
337,Vanilla
337,Confectioners Sugar
337,Coconut
338,Miracle
338,Tomato Soup
338,Vinegar
338,Sweet Relish
338,Chili Sauce
338,Sugar
338,Mustard
338,Onion
338,Garlic
339,Milk
339,Butter
339,Yeast
339,Sugar
339,Salt
339,Eggs
339,Flour
340,White Sugar
340,Brown Sugar
340,Cocoa
340,Flour
340,Eggs
340,Oleo
340,Milk
340,Vanilla
340,Salt
340,Nuts
341,Unsweetened Applesauce
341,Margarine
341,Vanilla
341,Oatmeal
341,Allspice
341,Soda
341,Raisins
341,Eggs
341,Brown Sugar
341,Cinnamon
341,Flour
341,Salt
341,Nuts
342,Semi-Sweet Chocolate
342,Whipping Cream
342,Almond
342,Strawberries
343,Ground Beef
343,Onions
343,Tomatoes
343,Garlic
343,Chunky Spaghetti Sauce
343,Tamari Sauce
343,Beans
344,Chicken Breasts
344,Onion
344,Tarragon
344,Chicken Bouillon
345,Lemon Jello
345,Water
345,Cold Water
345,Cabbage
345,Celery
345,Grated Carrot
345,Green Pepper
345,Pineapple Tidbits
346,Flour
346,Cornstarch
346,Soda
346,Baking Powder
346,Egg
346,Cold Water
346,Paprika
347,Chicken
347,Cream Cheese
347,Onion
347,Soy Sauce
347,Mayonnaise
347,Pecans
347,Maraschino Cherry
348,Peanuts
348,Butter
348,Peanut Butter
348,Condensed Milk
348,Marshmallows
349,Dates
349,Baking Soda
349,Water
349,Margarine
349,Sugar
349,Salt
349,Walnuts
349,Egg
349,Flour
350,Yellow Cake Mix
350,Margarine
350,Egg
350,Nuts
350,Confectioners Sugar
350,Cream Cheese
350,Eggs
351,Shortening
351,Flour
351,Salt
351,Water
351,White Syrup
352,Graham Cracker Crumbs
352,Sugar
352,Unsalted Butter
353,Margarine
353,Skinless
353,Mushroom
353,Onion
353,Garlic
353,Cream Of Mushroom Soup
353,Milk
353,Sherry
353,Pepper
354,Red Cabbage
354,Salt
354,Salt
354,Pepper
354,Sugar
354,Cider Vinegar
354,Caraway
354,Onion
355,Water
355,Yeast
355,Sugar
355,Salt
355,Melted Crisco
355,Flour
356,Rice
356,Onion Soup
356,Cream Of Mushroom Soup
356,Water
356,Chicken
357,Flour
357,Sugar
357,Butter
357,Eggs
357,Brown Sugar
357,Vanilla
357,Baking Soda
357,Walnuts
357,Raisins
357,Flaked Coconut
358,Shell
358,No
358,Lemon Jell-O
358,Vanilla Ice Cream
359,Graham Cracker Crumbs
359,White Sugar
359,Butter
359,Cherry Pie Filling
359,Powdered Sugar
359,Cream Cheese
360,Sugar
360,Eggs
360,Crisco Oil
360,Chocolate
360,Flour
360,Soda
360,Salt
360,Vanilla
361,Sauerkraut
361,Tomato
361,Beef
361,Swiss Cheese
361,Caraway Seed
361,Rye Bread
361,Butter
362,Irish Potatoes
362,Sour Cream
362,Onions
362,Parsley
362,Sausage
363,Eggs
363,Sugar
363,Oil
363,Pineapple
363,Vanilla
363,Carrots
363,Cinnamon
363,Soda
363,Salt
363,Flour
363,Nuts
364,Chicken
364,Margarine
364,Chicken Broth
364,Milk
364,Chicken Soup
364,Flour
364,Salt
365,Potatoes
365,Milk
365,Margarine
365,Salt
366,Butter
366,Brown Sugar
366,Corn Syrup
366,Salt
366,Cooking Oats
366,Peanut Butter
366,Chocolate Chips
366,Butter
366,Vanilla
367,Cherry Pie Filling
367,Pineapple
367,Pecans
367,Marshmallows
367,Milk
368,Oysters
368,Cracker Crumbs
368,Butter
368,Salt
368,Pepper
368,Cream
368,Oyster Liquid
368,Worcestershire Sauce
369,Shortening
369,Butter
369,Flour
369,Salt
369,Cold Water
370,Boiling Water
370,Oatmeal
370,Butter
370,White Sugar
370,Brown Sugar
370,Eggs
370,Flour
370,Salt
370,Cinnamon
370,Soda
370,Baking Powder
370,Vanilla
371,Pineapple
371,Banana
371,Mayonnaise
371,Cherries
372,Pink Salmon
372,Potatoes
372,Onion
372,Egg
372,Pepper
372,Bread Crumbs
372,Vegetable Oil
373,Chicken
373,Croquette Sauce
373,Egg
373,Breadcrumbs
373,Salt
373,Pepper
374,Corn
374,Onions
374,Celery
374,White Vinegar
374,Red Sweet Peppers
374,Green Sweet Peppers
374,Sugar
374,Turmeric
374,Mustard
374,Celery Salt
374,Salt
375,Sugar
375,Shortening
375,Egg
375,Soda
375,Cinnamon
375,Ginger
375,Salt
375,Flour
375,Water
375,Molasses
376,Butter
376,Sugar
376,Eggs
376,Milk
376,Vanilla Wafers
376,Flaked Coconut
376,Pecans
377,Potatoes
377,Onion
377,Bacon
377,Ham
377,Cheese
377,Butter
377,Milk
378,Cream Of Shrimp Soup
378,Milk
378,Faux Crabmeat
378,Celery
378,Green Pepper
378,Pimentos
378,Onions
378,Almonds
378,Eggs
378,Cheddar Cheese
378,Buttered Bread Crumbs
379,Ground Beef
379,Catsup
379,Mustard
379,Barbecue Sauce
379,Potatoes
379,Pork
379,Whole Kernel Corn
379,Onion Flakes
380,Butter
380,Flour
380,Pecans
380,Cream Cheese
380,Confectioners Sugar
380,Lemon Instant Pudding
380,Milk
381,Butter
381,Milk
381,Eggs
381,Oil
381,Ready
381,Pecans
382,Potatoes O'Brien
382,Butter
382,Flour
382,Milk
382,Sour Cream
382,Salt
382,Parsley
382,Bacon
382,Eggs
383,Chuck Roast
383,Ginger
383,Garlic
383,Pepper
383,Paprika
383,Tomato Paste
384,Eggs
384,Milk
384,Beef
384,Onion
384,Salt
384,Cheddar Cheese
385,Butter
385,Sugar
385,Boiling Water
385,Water
385,Yeast
385,Eggs
385,Salt
385,Flour
386,Ground Beef
386,Onion
386,Garlic Powder
386,Taco
386,Tomato Sauce
386,Sour Cream
386,Cottage Cheese
386,Tortilla Chips
386,Cheese
387,Crab
387,Cream Cheese
387,Mayo
387,Lemon Juice
387,Worcestershire Sauce
387,Garlic Powder
387,Onion
387,Parmesan Cheese
388,Herbs
388,Margarine
389,Sugar
389,Shortening
389,Water
389,Yeast
389,Eggs
389,Flour
390,Ground Beef
390,Onion
390,Tomatoes
390,Rice
390,Green Pepper
390,Olives
390,Chili Powder
390,Garlic Salt
390,Salt
390,Water
390,Cheddar Cheese
391,Baking Potatoes
391,Butter
391,Cheddar Cheese
391,Whipping Cream
391,Chives
392,Broccoli
392,Chicken Soup
392,Milk
392,Flour
393,Cabbage
393,Hamburger
393,Rice
393,Pepper
393,Egg
393,Salt
393,Onion
393,Tomatoes
394,Eggs
394,Milk
394,Bisquick
394,Oleo
394,Vanilla
394,Coconut
394,Sugar
395,Spaghetti Sauce
395,Mozzarella Cheese
395,Parmesan Cheese
395,Onions
395,Fresh Ground Black Pepper
395,Oregano
395,Zucchini
395,Mushrooms
396,Alum
396,Cucumbers
396,Water
396,Salt
396,Sugar
396,Pickling Spice
397,Chocolate Cake
397,Cream Cheese
397,Butter
397,Powdered Sugar
397,Pecans
397,Coconut
398,Flour
398,Cocoa
398,Sugar
398,Salt
398,Water
398,Baking Soda
398,Mayonnaise
399,White Batter
399,Pear Halves
399,Egg Whites
399,Egg
400,Pineapple Juice
400,Sugar
400,Frozen Lemonade
400,Cranberry Juice
400,Liters Ginger Ale
401,Macaroni
401,Onions
401,Frozen Peas
401,Salt
402,Cream Cheese
402,Milk
402,Powdered Sugar
402,Peanut Butter
402,Lite
402,Low-Fat Baked Pie Shell
403,Pepper
403,Egg
403,Milk
403,Cream-Style
403,Whole Kernel Corn
404,Milk
404,Sugar
404,Flour
404,Eggs
404,Vanilla
404,Salt
404,Bananas
404,Vanilla Wafers
405,Beef For Stew
405,Onion
405,Clove Garlic
405,Shortening
405,Water
405,Catsup
405,Worcestershire Sauce
405,Brown Sugar
405,Salt
405,Paprika
405,Dry Mustard
405,Cayenne Red Pepper
405,Cold Water
405,Flour
406,Sugar
406,Swans
406,Eggs
406,Milk
406,Salt
406,Vanilla Flavoring
406,Butternut Flavoring
406,Crisco
407,Ham Bone
407,Ham Bouillon
407,Flour
407,Eggs
407,Cold Water
408,Onion
408,Celery
408,Butter
408,Frozen Broccoli
408,Rice
408,Condensed Cream
408,Cheez Whiz
408,Pepper
409,Crunchy Peanut Butter
409,Rice Krispies
409,Powdered Sugar
409,Oleo
409,Chocolate Chips
409,Paraffin
410,Broccoli Heads
410,Green Onion
410,Sunflower Seeds
410,Raisins
410,Bacon
410,Mayonnaise
410,Vinegar
410,Sugar
411,Baking Potatoes
411,Cayenne
411,Olive Oil
411,Nonstick Cooking Spray
411,Garlic Powder
411,Salt
412,Chicken
412,Chicken Broth
412,Cream Of Celery Soup
412,Pepper
412,Salt
412,Flour
412,Milk
412,Margarine
413,Buttered Toast
413,Raisins
413,Eggs
413,Sugar
413,Salt
413,Pet Milk
413,Boiling Water
413,Vanilla
413,Sugar
413,Cinnamon
414,Anchovies
414,Black Pepper
414,Accent
414,Stalks Celery
414,Onion
414,Mustard
414,Garlic
414,Lemon Juice
414,Eggs
414,Oil
415,Eggs
415,Soda
415,Coconut
415,Apples
415,Oil
415,Cinnamon
415,Sugar
415,Pecans
415,Flour
415,Salt
416,Ground Beef
416,Onions
416,Salt
416,Pepper
416,Italian Seasoning
416,Tomato Paste
416,Crust
416,Mozzarella Cheese
417,Cabbage
417,Onion
417,Bell Pepper
417,Tomato
417,Sugar
417,Salt
417,Pepper
418,Pineapple
418,Water
418,Pineapple Juice
418,Marshmallows
418,Lemon Jello
418,Orange Jello
418,Carrots
418,Celery
418,Cottage Cheese
418,Mayonnaise
418,Nuts
418,Dream Whip
419,Unsalted Butter
419,Sugar
419,Vanilla
419,Flour
419,Walnuts
419,Powdered Sugar
420,Pineapple
420,Apple Jelly
420,Horseradish
420,Mustard
420,Coarse Black Pepper
421,Sugar
421,Eggs
421,Flour
421,Soda
421,Vanilla
421,Salt
421,Nuts
421,Shortening
421,Bananas
422,Chicken
422,Shredded Monterey Jack Cheese
422,Whole Kernel Corn
422,Condensed Cream
422,Flour
422,Cornmeal
422,Baking Powder
422,Chili Powder
422,Milk
422,Margarine
422,Eggs
422,Onion
422,Green Chillies
422,Pimento
423,Cabbage
423,Tomatoes
423,Onions
423,Bell Peppers
423,Vinegar
423,Hot Pepper
423,Sugar
423,Allspice
423,Cinnamon
423,Nutmeg
423,Salt
424,Fresh Broccoli
424,Bacon
424,Raisins
424,Onion
424,Salad Dressing
424,Sugar
424,Vinegar
424,Slivered Almonds
424,Sharp Cheese
425,Chicken
425,Lemons
425,Butter
425,Oregano
426,Butter
426,Sugar
426,Flour
426,Baking Powder
426,Salt
426,Milk
426,Tart Cherries
426,Cherry Juice
427,Sugar
427,Cornstarch
427,Pie Crust
427,Raw Strawberries
427,Water
428,Spinach Noodles
428,Celery
428,Green Pepper
428,Onion
428,Chicken Breasts
428,Velveeta Cheese
428,Mushrooms
428,Mushroom Soup
429,Hamburger
429,Onion
429,Corn Tortillas
429,Green Chili
429,Tomato Sauce
429,Milk
429,Cheddar Cheese
430,Butter
430,Flour
430,Sugar
430,Salt
431,Sugar
431,Salt
431,Pepper
431,Celery
431,Mustard
431,Apple Cider Vinegar
431,Mayonnaise
431,Clove Garlic
431,Cabbage
432,Cheddar Cheese
432,Oleo
432,Flour
432,Paprika
432,Salt
432,Cayenne Pepper
433,Ground Beef
433,Onion
433,Salt
433,Tomato Sauce
433,Italian Seasoning
433,Grated Cheese
434,Pastry
434,Cooking Apples
434,Lemon Juice
434,Sugar
434,Flour
434,Ground Cinnamon
434,Ground Nutmeg
434,Butter
435,Duncan
435,Frozen Strawberries
435,Eggs
435,Crisco
435,Water
435,Strawberry Jello
436,Ground Beef
436,Croutons
436,Onion
436,Eggs
436,Salt
436,Grape Jelly
436,Chili Sauce
437,Flour
437,Salt
437,Pepper
437,Onion
437,Basil
437,Butter
437,Mushrooms
437,Beef Bouillon
437,Water
437,Red Wine
438,Oleo
438,Sour Cream
438,Sugar
438,Eggs
438,Flour
438,Baking Powder
438,Baking Soda
438,Salt
438,Milk
438,Vanilla
439,Cans Great Northern White Beans
439,Bacon
439,Ketchup
439,White Sugar
440,Eggs
440,Sugar
440,Milk
440,Milk
440,Milk
441,Cream Cheese
441,Margarine
441,Sugar
441,Vanilla
441,Flour
441,Salt
442,Hamburger Meat
442,Onion
442,Taco Seasoning Mix
442,Whole Kernel Corn
442,Red Kidney Beans
442,Pinto Beans
442,Chilies
442,Tomatoes
443,Fruit Cocktail
443,Sugar
443,Eggs
443,Vanilla
443,Soda
443,Cinnamon
443,Flour
443,Brown Sugar
443,Pecans
444,Butter
444,Sugar
444,Egg
444,Salt
444,Vanilla
444,Almond Extract
444,All-Purpose
445,Butter
445,Sugar
445,Eggs
445,Orange Juice
445,Lemon Extract
445,Salt
445,Flaked Coconut
445,Pie Crust
446,Butter
446,Sugar
446,Flour
446,Eggs
446,Vanilla
446,Baking Soda
446,Sour Cream
447,Instant Rice
447,Cream Of Mushroom Soup
447,Cream Of Chicken Soup
447,Cream Of Celery Soup
447,Chicken Breasts
448,Carrots
448,Celery
448,Onions
448,Clove Garlic
448,Margarine
448,Boyardee
448,Chickpeas
448,Water
448,Salt
448,Basil
448,Pepper
448,Parmesan Cheese
449,Yellow Cake Mix
449,Oil
449,Cream Cheese
449,Sugar
449,Eggs
449,Milk
449,Lemon Juice
449,Vanilla
449,Cherry Pie Filling
450,Vinegar
450,Sugar
450,Oil
451,Cream Cheese
451,Hormel Chili
451,Cheddar Cheese
452,Refrigerator Rolls
452,Margarine
452,Sugar
452,Cinnamon
453,Eggs
453,Cornstarch
453,Milk
453,Butter
453,Sugar
453,Coconut Flavoring
453,Shell
454,Chocolate Cake Mix
454,Containers
454,Dream Whip
454,Chocolate
454,Cold Milk
455,Corn Meal
455,Brown Sugar
455,Baking Soda
455,Eggs
455,Sour Milk
455,Flour
455,Salt
455,Baking Powder
455,Bacon Fat
456,Ground Beef
456,Onion
456,Salsa Sauce
456,Chicken
456,Tomato Sauce
456,Rice
457,Cake Mix
457,Cherry Pie Filling
457,Oil
457,Eggs
458,Sugar
458,Light Karo Syrup
458,Peanut Butter
458,Oleo
458,Vanilla
458,Cornflakes
459,Solid Pack Pumpkin
459,Milk
459,Egg
459,Egg Whites
459,Biscuit Mix
459,Sugar
459,Packets Sugar Substitute
459,Pumpkin Pie Spice
459,Vanilla
460,Zucchini
460,Onion
460,Clove Garlic
460,Parmesan
460,Oil
460,Parsley
460,Salt
460,Salt
460,Oregano
460,Eggs
461,Butter
461,Crisco
461,Sugar
461,Eggs
461,Flour
461,Baking Powder
461,Sweet Milk
461,Vanilla
462,Graham Crackers
462,Vanilla Instant Pudding Mix
462,Milk
462,Choco-Bake
462,Light Corn Syrup
462,Vanilla
462,Margarine
462,Confectioners Sugar
462,Milk
463,Butter
463,Sugar
463,Vanilla
463,Flour
463,Salt
463,Walnuts
463,Confectioners Sugar
464,Water
464,Sugar
464,Ginger Ale
464,Lemon Juice
464,Pineapple Juice
464,Water
465,Onions
465,Butter
465,Flour
465,Salt
465,Paprika
465,Black Pepper
465,Milk
465,Whole Kernel Corn
465,Egg
465,Breadcrumbs
466,Black Cherry
466,Water
466,Pineapple Juice
466,Frozen Lemonade
466,Sugar
467,Chicken Breasts
467,Thin
467,Swiss Cheese
467,Tomato
467,Sage
467,Bread Crumbs
467,Parmesan Cheese
467,Parsley
467,Butter
468,Shortening
468,Brown Sugar
468,White Sugar
468,Flour
468,Soda
468,Eggs
468,Water
468,Vanilla
468,Salt
468,Oatmeal
468,Nuts
468,Chocolate Chips
469,Tortillas
469,Chicken
469,Cream Of Chicken Soup
469,Cream Of Mushroom Soup
469,Sour Cream
469,Picante Sauce
469,Onion
469,Cheddar Cheese
470,Stew Meat
470,Mushrooms
470,Chop Suey Vegetables
470,Onion
470,Soy Sauce
471,Crescent Rolls
471,Cream Cheese
471,Mayonnaise
471,Vegetables
472,Sugar
472,Cinnamon
472,White
472,Margarine
473,Cherry Pie Filling
473,Pineapple
473,Borden Milk
473,Pecans
474,Yeast
474,Sugar
474,Water
474,Eggs
474,Oleo
474,Salt
474,Flour
475,Hamburger
475,Salt
475,White Onion
475,Green Pepper
475,Celery
475,Tomato Soup
476,Cornstarch
476,Soy Sauce
476,Ground Ginger
476,Chicken Broth
476,Carrot
476,Vegetable Oil
476,Mushrooms
476,Green Onions
476,Celery
476,Snow Peas
476,Brown Rice
476,Slivered Almonds
477,Mango
477,Tomatoes
477,Scallions
477,Lemon Juice
477,Safflower Oil
477,Mustard
478,Crescent Rolls
478,Cream Cheese
478,Mayo
478,Dressing
479,Pork Sausage
479,White Minute Rice
479,Green Pepper
479,Onions
479,Celery
479,Almonds
479,Noodle Soup
480,Water
480,Vinegar
480,Salt
480,Sugar
481,Okra
481,Salt
481,Flour
481,Oil
481,Ground Beef
481,Green Bell Peppers
481,Jalapeno Pepper
481,Onion
481,Carrot
481,Butter
481,Tomatoes
481,Salt
482,Sugar
482,Cocoa
482,Milk
482,Oleo
482,Vanilla
482,Peanut Butter
482,Oats
483,Flour
483,Soda
483,Salt
483,Sugar
483,Cinnamon
483,Oil
483,Eggs
483,Carrots
483,Nuts
484,Rice
484,Summer Squash
484,Zucchini
484,Onions
484,Mushrooms
484,Fresh Tomato
484,Garlic
484,Basil
484,Lemon Pepper
485,Flour
485,Baking Powder
485,Baking Soda
485,Eggs
485,Buttermilk
485,Salt
485,Oysters
486,Flour
486,Baking Powder
486,Cinnamon
486,Sugar
486,Salt
486,Eggs
486,Milk
486,Oleo
487,Crust
487,Flour
487,Butter
487,Brown Sugar
487,Cinnamon
488,Ground Lean Beef
488,Onion
488,Cream Of Mushroom Soup
488,Mixed Vegetables
488,Tater
489,Bacon
489,Cornbread Mix
489,Eggs
489,Cream-Style
489,Mayonnaise
489,Swiss
490,Rice Krispies
490,Paprika
490,Egg
490,Milk
490,All-Purpose
490,Salt
490,Pepper
490,Poultry Seasoning
490,Margarine
490,Chicken
491,Skinless
491,Vegetable Cooking Spray
491,Parmesan Cheese
491,Bread Crumbs
491,Thyme
491,Garlic Powder
491,Onion Powder
491,Ground Black Pepper
491,Salt
491,Nonfat Buttermilk
492,Sauerkraut
492,Green Bell Pepper
492,Celery
492,Pimento
492,Onion
492,Vinegar
492,Sugar
492,Oil
493,Ground Lean Beef
493,Carrot
493,Apple
493,Potato
493,Onion
493,Bacon
493,Eggs
493,Salt
493,Pepper
493,Nutmeg
493,Dry Mustard
493,Sour Cream
494,Stove Top Stuffing
494,Green Pepper
494,Hot Water
494,Cream Of Mushroom Soup
494,Chicken Breasts
494,Garlic
494,Pepper
494,Paprika
495,Graham Cracker Crumbs
495,Crunchy Peanut Butter
495,Confectioners Sugar
495,Butter
495,Paraffin
495,Chocolate Chips
496,Ground Beef
496,Ground Pork
496,Salt
496,Pepper
496,Sage
496,Egg
496,Corn Meal
496,Onion
496,Green Pepper
496,Cream-Style Corn
496,Tomatoes
497,Philadelphia Cream Cheese
497,White Wine
497,Crabmeat
497,Garlic Powder
498,Ground Beef
498,Onion
498,Tomato Sauce
498,Water
498,Macaroni
498,Green Pepper
498,Worcestershire Sauce
498,Salt
498,Pepper
498,Chili Powder
499,Ground Beef
499,Onion Soup
499,Ginger
499,Noodles
499,Mushrooms
499,Water
499,Flour
499,Sour Cream
