0,No-Bake Nut Cookies
1,Jewell Ball'S Chicken
2,Creamy Corn
3,Chicken Funny
4,Reeses Cups(Candy)
5,Cheeseburger Potato Soup
6,Rhubarb Coffee Cake
7,Scalloped Corn
8,Nolan'S Pepper Steak
9,Millionaire Pie
10,Double Cherry Delight
11,Buckeye Candy
12,Quick Barbecue Wings
13,Taco Salad Chip Dip
14,Pink Stuff(Frozen Dessert)
15,Fresh Strawberry Pie
16,Easy German Chocolate Cake
17,Broccoli Salad
18,Strawberry Whatever
19,Eggless Milkless Applesauce Cake
20,"Grandma Hanrath'S Banana Breadfort Collins, Colorado"
21,Chocolate Frango Mints
22,Cuddy Farms Marinated Turkey
23,Spaghetti Sauce To Can
24,Prize-Winning Meat Loaf
25,Smothered Round Steak(Servings: 4)
26,Corral Barbecued Beef Steak Strips
27,Easy Fudge
28,Taco-Filled Green Pepper
29,One Hour Rolls
30,Punch Bowl Fruit Salad
31,Summer Chicken
32,Cherry Pizza
33,Potato And Cheese Pie
34,Tuna Macaroni Casserole
35,Artichoke Dip
36,Broccoli Dip For Crackers
37,Summer Spaghetti
38,Pear-Lime Salad
39,Watermelon Rind Pickles
40,Chicken Stew
41,Quick Coffee Cake(6 Servings)
42,Angel Biscuits
43,Quick Peppermint Puffs
44,Fruit Pizza
45,Chocolate Mint Bars
46,Beer Bread
47,Chicken Divan
48,Mexican Cookie Rings
49,Vegetable-Burger Soup
50,Chicken Ole
51,Creamy Coleslaw(Better Homes And Gardens)
52,Creole Flounder
53,Three Bean Salad
54,Dave'S Corn Casserole
55,Casserole Italiano
56,Corned Beef And Cabbage Casserole
57,Crab Cakes
58,Taco Dip
59,Bonbon Cookies
60,Forever Amber
61,Gooey Coffee Cake
62,Phylis' Pineapple-Banana Salad
63,Chicken Casserole
64,Pineapple Nut Pie
65,Annie'S Diabetic Candy
66,Frozen Peach Mousse
67,Strawberry Pie
68,Blueberry Surprise
69,Moist Devil'S Food Cake
70,Dot'S Civil War Cake
71,Potato Casserole
72,Dream Pie
73,Divinity Fudge
74,Apple Crisp
75,Sausage Balls
76,Consomme Chicken
77,Spanish Hamburgers
78,Egg Drop Soup
79,Mulled Cider
80,Sesame Ginger Chicken
81,Egg Casserole
82,Cranberry-Apple-Orange Salad
83,Brown Rice
84,Cranberry Salad
85,Cheese Dip
86,Funnel Cake
87,Fast Real Good Fudge
88,Squash Casserole
89,Cheese Ball
90,*Apricot Salad
91,Pound Cake
92,Monkey Bread
93,Chicken Roll-Ups
94,Beef And Spanish Rice Casserole
95,Baked Beans
96,Sweet-N-Sour Chicken
97,Ambrosia
98,Crazy Peanut Butter Cookies
99,Brickle Bars
100,Pancakes
101,Crustless Vegetable Ham Pie
102,Red Cabbage And Apples
103,German Potato Salad
104,Jan'S Winter Soup
105,Microwave Spice Tea
106,Barbecue Noodle Cheese Bake
107,Cutout Cookie
108,Don Juan'S Sangria
109,Ranch Beef And Beans
110,Crisp Oatmeal Cookies
111,Souper Tuna Crunch
112,Cheese-Ham Ball
113,Cheese Ball
114,Pasta Chicken Salad(268 Calories Per Serving)
115,Zucchini-Artichoke Continental
116,Supreme Beef Casserole
117,Chicken Salad
118,Chess Pie
119,Cold Spaghetti Salad
120,Cucumber Salad With Dill
121,Chicken Spaghetti
122,Cheese Ball
123,Pistachio Salad
124,Good Sweet Muffins
125,Vanilla Creme Dessert
126,St. Joseph'S Zeppole
127,"Corn ""Oysters"""
128,Bright Party Beans
129,Apricot Dessert
130,Honey Almond Squares
131,Chicken Casserole
132,Artichoke Dip
133,French Onion Soup
134,Apple Pie
135,Sloppy Joes
136,7-Up Cake
137,Corned Beef Dip
138,Chocolate Pie
139,Tater Tot Casserole
140,Blackberry Pie
141,Caramel Pie
142,Dill Dip
143,Broccoli Cornbread
144,Vegetable Soup
145,Chocolate Peanut Butter Cake
146,Magic Cookie Bars
147,Pecan Pralines
148,"Chocolate ""Stuff"""
149,Easy Chocolate Frosting
150,No Bake Pumpkin Pie
151,Baked French Toast
152,Puppy Chow
153,Tamale Casserole
154,Taco Dip
155,Bonnie'S Bread
156,Chicken Pot Pie
157,Smoked Turkey Risotto
158,Eggplant Spaghetti Sauce
159,Watergate Cake
160,Plum Muffins
161,Cranberry Punch
162,Sweet Potato Pie
163,Butternut Pound Cake
164,Morning Glory Muffins
165,Chicken Breasts With Wild Rice
166,Creole Green Beans
167,Banana Bread
168,Corned Beef Hash Swirls
169,Patio Potatoes
170,Sky High Biscuits
171,Lasagne
172,German Potato Salad
173,Coconut Pie
174,Bullets
175,Mom'S Pancakes
176,Pecan Kisses
177,Pizza Casserole
178,Chocolate Lover'S No-Bake Brownies
179,Broccoli Casserole
180,Fruit Bars
181,Chinese Hamburger
182,Almond Roco
183,Hungarian-Stuffed Peppers
184,Lemon Pudding Pound Cake
185,Peanut Butter Cup Cookies
186,Egg Cheese Souffle
187,Apple Bread
188,Homemade Noodles
189,Chocolate Fudge
190,Fruit Cake
191,Cranberry Scones
192,Brownie Pie
193,Cream Puff Dessert
194,Chantilly Low-Fat
195,Golf Balls
196,Crispy Herb Bread
197,Festive Fruit Salad
198,Fresh Strawberry Pie
199,Egg Custard
200,Chicken Giblet Gravy
201,Beef Brisket
202,Fruit Medley
203,Nana'S Cornbread(For 9-Inch Iron Skillet Or 8 X 8-Inch Pan)
204,Marinated Pork Roast
205,Dad'S Chili
206,Spoon Rolls
207,Chicago Crunchy Chocolate Chip Cookies
208,Salad Dressing
209,Leroy'S Heavenly Hash
210,Banana Cream Pie
211,Marinated Onions And Blue Cheese
212,Cheese Cake
213,Carrot Bread
214,Mistletoe Punch
215,Mixed Vegetable Casserole
216,Cheeseburger Crescent Bake(1 Hour)
217,Do-Unkles Pumpkin Cake
218,Colonial Cheese Biscuits
219,Simple Salsa Dip
220,Any Flavor Pan Dessert
221,Mexican Casserole
222,Apple Sour Cream Coffee Cake
223,Snickerdoodles
224,Spaghetti Salad
225,Spanish Meat Balls
226,Broccoli Cornbread
227,Fried Onion Rings
228,Mayonnaise Rolls
229,Cheeseburger Loaf
230,One Bowl Chocolate Fudge(Microwave)
231,Ranch Style Baked Beans Casserole
232,Etta'S Hungarian Coffee Cake
233,Beer Biscuits
234,Baked Spaghetti
235,Easy Apple Dumplings
236,Twinkie Dessert
237,Gooey Butter Cake
238,Corn Pudding
239,Honey Cake
240,Enchiladas
241,Zucchini In Tomato Juice(From Weight Watchers)
242,Pineapple Casserole
243,Brunswick Stew
244,Cheese Ball
245,Marinated Carrots
246,Blueberry Cake
247,Summer Squash Casserole
248,Skor Cake
249,Never Fail Pie Crust(Double Pie Crust)
250,Best Brownies
251,Mushroom Caps Stuffed
252,Toffee Brickle
253,Stir Fried Veggies Medley
254,Bacon And Egg Breakfast Bake
255,Spiced Tea
256,Fruit Pizza
257,Ham Roll-Ups
258,Pineapple Souffle
259,Real Whipped Cream That Keeps
260,Montana Mud Cake
261,Diane'S Quick Quiche
262,Egg Drop Soup
263,Summer Berry Sauce
264,Cherry Pie
265,Baked Bean Casserole
266,Pumpkin Bread
267,Fried Rice
268,Paw Paw'S Pancakes
269,Speedy White Clam Sauce
270,Pineapple Cranberry Pie
271,Strawberry Yum-Yum
272,Blueberry Cream Pie
273,Western Style Barbecue
274,Cheese Cake
275,Angel Food Cake
276,Plum Nutty Cake
277,Pinto Bean Pie
278,Speedy Little Devils
279,Martha Washington Candy
280,24 Hour Salad
281,Rocky Road Fudge
282,Ice Cream
283,No Bake Persimmon Pudding
284,Fruitcake Cookies
285,Chicken And Tortilla Casserole
286,Fruit Pizza
287,Harvard Beets
288,Clam Chowder
289,Easy Cranberry Relish
290,Banana Omelette
291,Taco Soup
292,Frosty Pudding Cones
293,Easy Marinade
294,Pina Colada Muffins
295,Oriental Tossed Salad
296,Applesauce Cake
297,Mayonnaise
298,Shepherd'S Pie
299,Fresh Apple Cake
300,Brown Rice Pizza(Light)
301,Creamy Shells With Broccoli And Ham
302,Chicken Over Rice
303,Meatball Chop Suey
304,Vegetable Beef Soup
305,Hawaiian Marshmallow Pie
306,Sugar-Free Sweet-N-Sour Stir-Fry
307,Graham Cracker Bars
308,Red Cabbage
309,Ambrosia Salad
310,Sour Cream Pound Cake
311,Soft Delicious Pumpkin Bars
312,Barbecue Sauce
313,Sausage Strata
314,Pepperoni Spaghetti
315,Florida Punch
316,"""Peachy"" Cake"
317,Fruity Ice
318,Five Way Chili
319,Hot Tomatoes And Cucumbers
320,Fluffy White Icing
321,Dishpan Cookies
322,Toll House Pie
323,Crunchy Onion Burger
324,Cheese Ball
325,Pumpkin Squares
326,Old Time Buttermilk Pie
327,Two Sweet Potato Pies
328,Broccoli-Cauliflower Soup
329,Fresh Apple Cake
330,Russian Tea
331,Hunter'S Delight
332,"Pie Crust(""Never Fail"")"
333,Burnt Caramel Cake Icing
334,Chicken Sweet-Sour
335,Microwave Fudge
336,Breakfast Rolls
337,Kentucky Cream Candy
338,Thousand Island Dressing
339,Rolls
340,Brownies
341,Diabetic Cookies
342,Chocolate-Dipped Strawberries
343,"Working Mother'S ""Mess""(Renamed Dad'S Quick Delight)"
344,Chicken With Tarragon
345,Lemon Jello Vegetable Salad
346,Shrimp Batter
347,Chicken-Cheese Ball
348,Salted Nut Squares
349,Date Cake
350,Crescent Cake
351,Freezer Pie Crust
352,Basic Graham Cracker Crust
353,Creamy Chicken And Mushrooms
354,Sweet And Sour Red Cabbage
355,Hot Rolls
356,Chicken Casserole
357,Raisin Walnut Shortbread Bars
358,Pineapple Parfait Pie
359,Cherry Supreme
360,Red Beet Cake
361,Reuben Casserole
362,Potato Casserole
363,Carrot-Pineapple Bread
364,Easy Chicken And Dumplings
365,"""Delicious"" Scalloped Potatoes(Without Cheese)"
366,Peanut Butter Oat Cookies
367,Cherry Salad
368,Scalloped Oysters
369,Pie Crust
370,Oatmeal Cake
371,Candle Salad
372,Salmon Croquettes
373,"Croquettes(Chicken, Fish Or Meat)"
374,Corn Relish]
375,Flossie'S Gingerbread
376,Vanilla Wafer Cake
377,Double Baked Potatoes
378,Crabmeat Au Gratin
379,Hobo Stew
380,Lemon Crunch
381,No Name Cake
382,Gold Rush Brunch
383,Pot Roast
384,Ham Cheese Oven Omelet
385,Never Fail Rolls
386,Taco Casserole
387,Warm Crabmeat Dip
388,Herb Butter
389,Good 'N Easy Yeast Rolls
390,Southwestern Skillet
391,Delicious Baked Potato Dish
392,Quick Cream Of Broccoli Soup
393,Cabbage Rolls
394,Coconut Custard Pie
395,Zucchini Pizzas
396,School Girl Pickles(Sweet Spear)
397,Earthquake Cake
398,Mayonnaise Cake
399,"White Pear Cake(Quick, Easy And Delicious!)"
400,Party Pink Punch
401,Country Style Beef And Macaroni
402,Peanut Butter Cream Pie
403,Scalloped Corn
404,Waldrop Banana Pudding
405,Hungarian Goulash
406,Plain Pound Cake
407,Ham And Country Dumplings
408,Broccoli Rice Casserole
409,Buckeyes(Cookies)
410,Broccoli-Raisin Salad
411,"Low-Fat ""French Fries"""
412,Chicken Pot Pie
413,Old-Time Bread Pudding
414,Original Mayfair Dressing
415,Apple Cake
416,Cheeseburger Pie
417,Fried Cabbage
418,"Jello Salad(This Is Almost Like A Dessert, Yummy.)"
419,Wedding Cookies
420,Jezebel Sauce
421,Banana Bread
422,Mexicali Chicken And Cheese Bake
423,Ripe Tomato Ketchup
424,Fresh Broccoli Salad
425,Lemon Chicken
426,Cherry Topsy-Turvy Pudding
427,Strawberry Pan Pie
428,Chicken Casserole
429,Cream Tacos
430,Scottish Shortbread
431,Slaw
432,Hot Cheese Balls
433,Pizza Cups
434,All-American Apple Pie
435,Strawberry Cake With Icing
436,Swedish Meat Balls
437,Calf Liver Braised In Wine
438,Sour Cream Pound Cake
439,Baked Beans
440,Vanilla Ice Cream
441,Sparkle Cutout Cookies
442,Taco Soup
443,Fruit Cocktail Cake
444,Fa-La-La-La-Las
445,Orange-Coconut Pie
446,Sour Cream Pound Cake
447,Company Chicken
448,Minestrone Soup
449,Cherry Topped Cheesecake
450,Sweet 'N' Sour Sauce
451,Easy Taco Dip
452,Monkey Bread
453,Coconut Cream Pie Or Lemon Meringue Pie
454,Death By Chocolate
455,Corn Meal Muffins
456,Hot Taco Rice
457,Moist Devil'S Food Cake
458,Peanut Butter Twinkies
459,Low-Calorie Pumpkin Pie
460,Zucchini Squares
461,Pound Cake
462,Chocolate Eclair Dessert
463,Butternut Cookies
464,Hattie Coffer'S Kool-Aid Punch
465,Scalloped Corn
466,Becky'S Punch
467,Chicken Saltimbocca
468,Toll House Cookies
469,Chicken Tortilla Casserole
470,Chop Suey
471,Vegetable Pizza
472,Log Cabin Toast
473,Yum Yum Salad
474,My Caramel Rolls
475,Spanish Hamburger #1
476,Turkey Vegetable Stir-Fry
477,Mango With Tomatoes And Scallions Or Leeks
478,Vegetable Pizza
479,Luau
480,Ma'S Dill Pickles
481,Stir-Fried Gumbo
482,No Bake Chocolate Cookies
483,Carrot Cake
484,No Fat Rice And Vegetable Dish
485,Oyster Fritters
486,Quick Coffee Cake(Double Recipe)
487,Belly Buttons
488,Tater Tot Casserole
489,Cheesy Cornbread
490,Rice Crispy Chicken
491,No-Fat Added Oven Fried Chicken
492,Sauerkraut Salad
493,Sour Cream Meat Loaf
494,Stuffed Chicken Breast
495,Meg'S Power Peanut Butter Balls
496,Indian Meat Loaf
497,Creamy Cheese Crab Dip
498,Skillet Beef And Macaroni
499,Jiffy Beef Stroganoff
